74569,105337,111138
76368,109086,102172
78986,108811,97453
78789,109666,101765
86598,100139,93279
91667,97900,93592
94914,93925,90192
93077,98505,88479
96080,94641,91957
90874,95345,93531
86936,93529,103318
92779,102384,89139
94657,98643,87441
92617,99204,89186
90985,100628,90355
91388,97807,88490
88980,97074,87385
83961,102032,86970
81923,105526,86407
81506,103378,88190
85639,102331,86682
86476,103654,86881
87538,102303,89116
89035,101685,86926
89044,103342,86474
93095,102472,86380
93078,101128,86155
95253,98979,86108
95905,98940,87127
97108,97643,89270
98110,96966,89529
99776,96234,91607
98055,96034,89793
97819,94768,89988
97093,94638,91346
97439,96264,89821
97199,95486,89673
95128,96439,88496
97970,96686,91350
95689,100597,89916
93083,106836,93733
93056,106853,95549
89628,107198,89827
91079,106820,91062
92072,105480,88956
98035,109229,93012
96101,110752,97920
95234,107962,91745
95111,106270,94963
95157,105564,93532
94870,106844,95010
95012,106104,94856
95002,106642,95299
94950,106632,95308
94989,106558,95182
98058,102807,95707
95246,105539,93263
94211,102625,93751
91710,102295,86863
84386,97972,83299
82698,94445,82566
80263,96298,76126
82574,94516,78220
84510,95492,80705
84425,96038,81608
85627,96689,78868
86929,97097,76581
84670,99499,75472
82158,97209,78238
85165,96754,77674
87412,98148,77926
86870,98279,76596
88425,95372,80957
89148,95895,78447
88130,95753,80746
93713,92177,79707
90082,93466,81711
89589,93374,82378
89251,89260,82504
89709,92132,79167
90407,92659,76874
87373,92108,77756
89897,94858,79140
86243,97361,80944
90652,97453,82119
90203,97054,82278
92027,95356,81929
94286,95340,79115
94786,95295,77025
95717,93804,80116
95769,93931,78201
95241,90839,76603
94716,93505,80303
96246,92478,81893
94783,94041,80853
94790,92137,79224
95491,90770,79736
96486,90583,79851
94847,90891,75543
97848,93266,76013
97660,93947,76510
95581,95666,75667
97329,90877,75718
97645,90670,74942
101094,87710,73133
96930,86898,73123
99071,91043,78921
95707,87662,75125
97262,89783,77025
96848,88777,77537
99189,91277,78443
100146,89207,77764
100395,90131,78248
98857,89541,77075
98753,91313,71966
99722,88341,74216
98305,88716,76184
95664,89881,75834
96521,89683,77419
93763,93429,76738
92233,92395,74257
91126,90545,76701
89065,92456,76051
94135,93666,75709
94181,95422,73445
94252,93006,79590
92044,92678,73211
92604,93905,73287
90866,93620,71468
91984,93828,76096
92876,92792,73566
93833,89764,76653
93578,94801,79151
93944,94815,78297
93193,88595,74524
95019,88001,72060
92578,88068,72539
90028,85988,77406
90891,86323,77072
92579,88382,74828
90212,87132,71729
86645,89206,76765
89502,92533,81599
87916,92574,80476
86589,91797,81017
90096,93828,81301
84339,94881,77290
82629,98072,85429
81312,95759,81523
83938,96399,81720
85626,96715,76567
86737,95083,76642
87823,94263,78641
88868,95628,73248
90988,94191,74067
89802,93519,73031
87189,91944,71600
87950,95166,71622
86802,97880,75291
85943,95329,69273
85172,98130,71881
86644,94829,72752
79953,97208,72612
77039,101433,74259
79763,98233,74837
82202,106285,81179
82255,102820,86217
79931,101257,76572
76337,104916,75108
77785,99671,80055
76165,104768,79704
77823,106692,83790
78257,105916,91867
80070,106196,83123
79662,109845,85096
77763,109711,88004
77788,106940,90005
76878,106225,83913
76380,110044,84099
74984,108436,85648
74770,109048,82752
74066,107476,79568
74969,112149,83172
75202,108850,79477
73827,110530,78271
76095,106799,80327
77873,103649,79013
79441,105186,80237
79590,104249,80686
78982,104013,78113
75328,105776,79703
76105,111996,80405
76807,106735,80706
78187,108177,84711
78895,107691,87813
77896,105818,88596
78162,102095,81354
76455,104293,79496
77291,103557,78441
78714,104580,80669
77061,106405,84343
76189,106494,87124
76202,105564,87802
77851,106656,90315
77450,105734,89109
76964,105092,86184
76806,103653,77286
77679,103097,79394
76641,103050,80956
76210,105816,77484
77112,107083,80807
77355,107039,82662
79990,104555,80775
79417,107180,79283
80346,106138,82642
78811,104637,80282
80696,106769,83074
77133,104607,76884
80754,104806,79391
79635,104160,76794
78465,105645,79598
79580,105318,79067
82819,100547,74934
80115,99218,74877
83696,101456,75757
86033,99185,79752
90232,101941,79655
92312,103095,76165
91975,107319,76895
84756,109228,81607
87234,104979,80323
88810,101973,80097
83140,106750,85228
81626,111297,93935
77775,110567,96712
78961,110233,95093
80309,110974,95955
79445,108633,93839
81021,107076,94127
83837,107200,92573
80978,105693,96255
82122,106956,93199
82008,106131,92520
82304,105969,89745
81439,105514,93925
81075,103842,90229
80955,104214,93520
82429,102986,84631
81305,106183,87954
85497,106384,86105
85086,106021,90578
83759,106845,85302
82202,110251,86947
80532,111667,88557
80207,112356,93813
82922,107208,91341
81615,104709,89336
81757,104842,91366
81100,104745,89089
80189,106513,90714
82837,104420,90413
85617,103948,93853
84391,105581,87898
83708,105627,92779
82624,102774,88983
82246,101266,90284
81557,100645,85408
84064,99555,87255
83629,103659,88092
81179,104295,88004
85237,102359,91211
85635,103285,91976
84832,101284,85560
86968,104716,82732
82700,108780,85681
85091,109309,84154
81251,111059,89238
83140,115083,89324
84912,116013,88183
78555,112676,90768
75800,113022,93569
80393,105834,81196
77987,107104,85870
76392,107175,86937
79876,108600,82483
78667,109981,85816
78647,104048,87247
80541,102097,84272
81103,101632,88146
80466,100788,84495
81107,99803,83740
82075,98917,85128
82073,98453,85243
83759,97406,83232
82154,96681,83845
82015,99455,85442
83044,97635,85385
86200,98364,86978
84782,98525,84567
85224,97873,88963
85528,97377,89003
85814,100606,85573
84599,98556,84209
83972,101089,84070
86709,101575,82976
86091,103207,78998
87943,100872,80275
87289,100893,80675
88519,100192,81745
87739,99293,79648
86931,99528,80441
84972,104269,79708
85310,103687,82540
82887,102501,83244
84339,104917,79425
81959,102815,80299
84068,100213,79760
83820,103269,82308
85023,103975,82911
83642,105693,82926
84164,104362,81216
84429,105776,83135
81220,106613,81289
81736,107407,79810
82295,107911,81623
80987,109153,82656
82364,106420,82656
83411,108202,85246
80548,104811,85563
82507,105378,87765
83832,106103,86572
82360,102831,86069
82109,104744,84565
79446,108406,84713
80399,109247,86776
82395,106762,80968
79666,107838,81803
80132,106682,84590
77951,108484,81990
77005,112717,83768
77157,111650,87479
79612,112917,85526
82802,107690,86414
81560,106088,87370
85038,102731,84562
85057,102054,81379
84679,102040,80923
85255,102039,80667
87152,103088,78463
88526,100572,79135
86895,99326,76979
85665,105607,80600
88420,107506,84001
89909,110210,83218
88001,109807,80795
90001,105966,81261
89062,107988,81101
88742,105873,79904
86091,102443,80992
86397,100633,77922
84754,100294,79968
83974,106801,81560
83685,106265,84445
80916,106766,87316
84675,109021,88030
84359,106438,88306
84541,108374,87944
84653,101395,88370
84461,103820,90031
82206,102821,91219
87529,96738,89057
87369,100388,86846
86964,103487,89760
87330,104411,89287
83768,106303,89125
80569,105589,89111
81883,105978,89651
79240,105442,90376
81983,104237,92346
80270,104437,91108
82076,103779,88137
82371,100147,89198
84434,102105,83995
83252,103966,82830
84253,101225,83481
83974,100719,86318
82418,102679,83640
78490,103653,83485
80960,107680,84829
79771,105844,83443
78023,105587,83449
79807,102784,82312
79893,102250,81363
79996,101400,77675
80112,101880,77569
83126,101576,78110
79783,102171,76404
79664,105605,77652
81169,104190,76454
80124,105015,79078
79553,103781,79245
83246,106091,77438
83009,103846,77571
81514,102505,77002
80987,108018,81243
80183,109038,84520
82384,101075,88516
82962,99089,82915
83576,98150,83845
83710,99276,86396
84018,98498,85405
83926,102982,82603
83892,98119,79697
83143,97785,77915
84071,100437,78014
82024,104218,77448
76514,114917,92929
80813,119144,93633
80288,119075,92531
79921,117654,93428
78418,119558,91278
81964,119079,92407
79288,116460,89924
79160,117333,92795
76490,121242,87929
78879,120733,88210
82814,116260,91319
81572,118341,89210
78151,116135,87459
77186,125041,91106
79976,125477,95192
80214,121089,99561
80969,119167,94962
79731,120921,95939
77197,118137,96282
80177,121387,95185
79215,122551,95506
80949,124294,94827
80467,118771,93142
80069,119382,92155
76281,118900,88657
75457,119136,84769
67621,122437,83542
79201,126111,86444
76572,117381,81059
82264,112257,86753
80762,108230,86687
80002,105840,85615
81808,107659,85824
86047,106769,84862
84497,108762,82653
79614,109654,87113
77757,109428,83540
74145,125836,90482
74690,120588,88700
72821,127364,93570
77342,123996,94816
77034,117199,92395
77252,109084,88195
76330,104893,81971
76746,100768,80475
81106,103839,79432
82862,101132,76483
83930,99313,74393
83651,98870,76213
83760,99189,77068
85332,100728,76443
83539,102761,73644
86229,100575,75581
86919,100328,77681
86762,101785,76866
88259,101912,75657
88009,102248,76507
88881,99428,75104
90824,98093,76937
89522,97458,80503
89422,96432,81989
89645,99136,80812
87405,100182,78245
89508,96995,77150
92315,96543,77291
91569,96541,77626
92227,94596,78827
94613,93376,78846
93603,94526,79921
89754,99223,80505
90027,97762,82597
88860,98996,80713
89520,99716,78561
87121,99491,79192
85134,99592,82473
88395,101339,77552
89475,99782,76951
89740,100939,76685
89484,100504,76036
91189,101064,74826
92914,98898,78300
92630,99027,80116
94431,103618,80816
92843,104733,75392
93241,103806,76051
91387,104483,78538
91668,103848,80103
90613,105401,81879
89838,103054,80349
91077,103018,79609
91083,105650,81739
91889,107862,81868
90044,110326,87135
88358,108630,83301
86261,105149,84251
83669,106322,84004
79879,112014,90507
76544,112045,87483
73384,112546,91499
69866,114161,91146
69154,114345,88364
72513,110623,84617
74185,109395,84787
74611,111810,80364
75464,108236,79753
75060,107321,81513
73044,108730,80897
71539,107255,79634
74110,107744,79860
77835,106787,78858
80389,101499,76217
84023,102327,77720
82919,101883,80807
81605,104993,77760
81096,103261,79455
80608,102812,81043
77343,102808,81890
77126,103079,80123
80984,104615,78841
80058,104073,78373
76227,102315,80627
77581,102603,83515
76762,105136,77839
75984,106600,78054
76958,104989,81803
79777,105102,82764
81366,104238,82497
80300,103208,78849
83315,101426,76140
82810,104805,77190
83808,103475,76261
87647,102438,77204
91468,106380,81505
91762,109940,81255
91922,108326,80900
88295,107352,81290
89215,107513,82431
87241,103124,83589
87972,107339,80984
90020,110789,78562
91149,109247,81033
91999,110955,82063
93483,112467,79317
86994,113532,81743
85284,111581,80417
83265,112774,84403
80994,112392,82065
82797,112864,81635
82505,112094,79784
82279,111048,81014
80979,109040,80885
79777,104813,80816
80167,103249,82914
80049,101927,80841
78440,107873,79824
77429,111671,80447
80255,107249,80560
79342,107358,80755
78490,108756,80097
79076,109722,78247
80018,113556,77861
80105,113510,78240
81971,111914,77548
83015,111189,78581
83811,110265,79819
83612,108240,79704
81060,108347,80415
82178,107098,79844
82423,107953,80781
81437,107073,81473
83414,106794,81415
83210,105608,79628
84634,104731,80995
83990,106086,79713
83879,104907,81442
84810,106982,82990
84840,107457,82778
84119,106454,83854
86652,108404,87740
85359,108095,83875
83049,106952,84639
83793,109401,84460
87102,109607,82401
88562,109652,84357
86804,116062,82760
86034,117319,78694
88475,118728,86895
83546,123808,91813
84134,120455,92515
83436,120258,91404
86973,119058,89659
90534,118815,90402
94222,122907,90065
91891,123078,84004
87176,122364,83047
81453,109832,80356
78019,103919,76179
77224,102895,72771
79357,106041,73258
80452,101720,73877
79445,103622,72258
78176,102161,80253
79516,98965,77819
79020,102073,76385
79082,102460,78325
80718,101012,77163
84062,100368,74631
84277,101295,74824
82446,102095,72835
84192,103871,77863
83131,105660,75447
84690,103650,75030
86177,103940,73659
88251,101997,70355
89932,102809,75199
90409,103188,74679
92065,103608,74332
90654,105046,75895
88785,101182,73679
89996,101587,75705
89954,102891,75734
91328,105077,74323
89598,105658,77377
89183,101409,77358
91431,99665,74138
91301,95248,75678
89649,94081,76276
92174,96961,74613
90655,97476,80284
90318,98773,80467
91432,97829,81535
89733,101050,80473
86285,97380,77942
82456,103797,80300
81919,103222,80806
81089,108450,84226
80345,110681,83780
79714,107461,82073
80010,109664,81864
79465,108232,80136
82826,111250,82725
82228,108258,78369
84597,105499,79104
84122,103570,76871
82917,101060,77394
83560,104678,79764
82691,104089,81332
83916,101773,81795
83950,102027,82062
88840,105863,77558
87015,103770,81255
86926,104928,76443
89371,100990,77813
87373,102574,78137
83319,101435,83812
86950,102983,82808
83148,104941,78405
86600,105711,82805
81545,109667,82766
78527,109844,81799
79243,110034,80756
82324,110973,85342
84851,109209,85574
83596,109326,87747
83500,112974,90111
86552,113405,91422
88593,113310,90410
89733,110689,86852
89255,110795,86153
87675,111317,86824
89876,109726,86808
87972,114351,88649
87761,112223,86876
89062,108620,86381
89111,110685,84929
89529,109126,84659
89451,108917,82647
88393,107310,81296
88049,105248,79065
89517,103128,79424
93000,102794,78634
94447,106445,83309
98427,107307,85126
98373,102616,84352
96299,101655,80997
92106,100846,80517
92261,102981,78985
91000,99825,78120
90966,97908,76536
89647,101768,76952
91719,100800,76756
89845,98004,73958
91876,99217,77427
90006,100609,79233
87817,103507,81983
87927,100101,83479
80874,105026,79836
83118,105246,83175
83995,107494,82009
82344,105490,82215
84165,107801,83763
83599,102662,82199
84838,103091,79221
88337,99765,78745
89909,102300,79231
93848,104698,77617
89983,103196,76041
90735,98557,73761
89459,98954,73890
87498,101070,72197
89618,104919,72488
89355,109093,74452
88693,104953,74347
89274,106935,78982
88680,111705,81662
85645,125622,88814
82711,127370,89507
87677,130573,96241
82321,130077,98755
76546,118507,84366
76994,113894,97989
79556,101678,91079
83656,102169,82081
86832,98459,78239
86039,99107,78271
86202,96007,78000
82620,97963,78217
86873,97753,77187
85642,95723,75484
84858,96513,74995
84575,97973,77858
88155,96818,76554
86481,97611,76675
87267,96021,75877
87769,99195,77321
87996,97622,76573
88904,97597,77147
89333,97385,76703
89261,99458,74499
91128,99473,75501
91783,96822,75422
92885,93492,74400
93754,92067,78049
93602,92895,79581
91611,95263,79397
94412,93188,79961
95375,91717,80746
97322,91526,79468
98974,94351,77439
95646,93953,77867
96006,97180,78929
94814,100314,78285
93595,100590,76861
94498,101304,76813
91785,101914,77383
93369,102592,78073
93388,100652,78070
91207,99939,75376
93715,97195,73248
92734,97675,72800
95868,97553,74468
93437,103241,75160
94883,98142,72573
93375,98030,74246
92346,101423,74456
92988,100742,77291
92569,101378,78667
92604,100030,77213
92520,99865,79688
90799,102439,82503
92001,103769,84672
91575,104156,86659
92753,105456,84573
90882,106631,83155
89156,104646,83433
91149,107606,81720
88182,108937,82613
85641,106100,80701
86371,105004,82290
86873,102166,82128
85555,102960,81309
83637,105114,83049
81853,109135,83347
84179,106972,79374
85572,103972,77515
86926,104354,78048
85003,103646,80360
84210,103258,77832
86419,105096,77769
85724,102802,82790
84800,102644,80897
85816,104882,81300
84581,103354,84155
84855,107938,86027
86340,106706,83211
87783,107729,87488
87867,107962,86916
90811,105317,88563
88430,106999,84366
86232,106715,82931
85708,107647,81160
87115,106619,81147
86143,108019,82814
87055,107087,83973
86109,105810,81472
88718,105764,84364
91235,101397,78633
88200,102280,84825
87911,101655,86954
89984,101191,83052
87619,102113,87175
91918,101581,85416
94248,99354,86138
89614,103227,80103
92095,102576,80644
88304,102187,78808
88400,102299,79727
87854,98517,80134
87140,100902,80293
87124,101986,79960
86510,103202,79682
89032,103141,80422
89127,102844,79624
90639,104139,82174
88023,109605,82672
88337,106555,82436
87524,111088,82817
88251,109537,84876
88808,110797,85423
88990,113051,82506
87862,111694,81861
88277,113215,83683
91875,108576,83392
91263,109282,80006
93856,101833,79192
98099,103573,81735
100192,103610,82209
99714,105209,83753
101472,107409,83722
100475,106981,83046
98701,107847,84649
98604,105249,86354
96715,100784,85085
96945,102781,87631
99813,105044,92182
102399,106573,92532
109562,108003,90911
100736,105698,94362
95155,103680,95169
92831,101792,89212
90830,102572,91338
87687,102397,91090
84604,103670,91878
79706,104368,89075
83473,107705,88452
85543,108687,92601
87665,108419,94534
86192,109324,88883
82502,110304,88142
86301,111615,88445
81801,115031,83587
81189,112233,87117
81434,110147,83535
84039,108684,82128
87348,105191,82970
88797,103565,80980
90306,104358,80557
89932,101361,81785
88977,103677,82495
89939,103611,81111
92203,99896,78671
92002,101676,76685
94933,98158,78551
93665,97424,78276
93734,97651,78109
90081,99053,78359
88374,98718,79493
88629,99987,79920
86845,99201,78784
85878,102764,74978
85043,103239,75409
82727,107481,77666
85205,104896,77730
88867,103735,76936
82790,106699,79036
84190,107685,77664
85305,107045,81842
86776,103345,83109
86254,103337,84477
83145,104503,91157
82230,106529,94046
82932,107159,89957
83276,106673,86939
83245,104777,79186
82580,109082,81485
83510,108338,80332
80712,106569,87384
85242,112045,88530
77583,124602,90843
76526,123138,88137
76149,116453,88954
73773,122042,84643
75756,120954,84930
77850,122193,91227
75213,121118,86518
78353,118753,81532
76847,115206,88737
80113,115292,84495
74304,117925,86582
77710,115644,86330
77505,113862,82047
73880,113051,83803
80149,112908,83786
78522,108954,81999
82093,105977,84442
85048,106851,87525
77797,109433,84649
81909,109753,81961
77373,113874,81258
74417,111282,79708
74057,111424,84889
74511,108480,84274
74322,106386,86801
80704,109266,87063
73356,114627,85450
75320,113341,87197
75556,110022,82275
80667,102662,76591
77848,100384,77505
78379,102950,84878
76603,103858,88105
80923,105152,85142
80560,103699,81876
78477,100428,82392
77945,101027,79731
80298,104004,81154
81792,105096,81903
81911,104566,83823
82411,102571,83102
84559,102490,83685
83814,102539,84238
81944,106251,83292
78756,104852,80585
78780,105729,79099
78257,104082,85767
77405,103382,80357
80196,104580,82951
79136,114591,84034
76136,112734,87234
76650,119163,87407
76218,116411,84745
78411,108526,78365
79207,105030,78623
74234,116552,84265
74802,120563,79496
77007,118428,82239
74417,117972,82780
73180,116197,79837
75392,113587,82836
74539,111536,84858
77076,108650,80034
75168,111072,77498
77185,109828,79860
79332,105033,75049
80410,104597,75485
79695,106536,75891
84546,103109,80103
84812,104474,82244
80549,106365,78351
80079,103621,76867
81268,103518,72860
80931,101576,74155
78703,104185,75631
75531,102281,80175
80900,100954,81522
80513,100696,77523
81176,99389,77746
81819,103965,77700
81677,100027,74976
83535,100520,75646
84431,100949,75098
83840,101173,77117
78356,98181,75058
80159,98245,78196
82312,96906,76992
83053,97006,72411
84938,98732,74738
87282,94099,76588
92009,91248,76479
89559,90415,72253
90586,93407,74165
91698,89591,74842
92639,91882,74543
93860,93333,74699
95493,94441,75865
95211,95570,77731
91266,89955,76379
92379,93019,81154
91619,93059,83208
90762,91582,78590
89202,93437,74832
89498,96889,67667
88159,100012,70779
86856,101080,69621
86811,102279,75052
84847,102772,77659
84510,102033,79922
86418,102039,80493
85420,106430,76859
88637,107026,82673
85915,104199,81360
86234,106006,83623
86041,108242,83372
84874,108166,83083
80652,107072,82113
81071,103576,82414
79937,106207,81201
80824,109321,82266
80442,107435,84493
82323,106399,82584
82800,104473,77974
86263,101824,81600
87210,98892,82732
86662,97153,81815
93616,94173,79303
91068,91832,77535
91651,93669,74824
90717,91734,80462
94645,94139,82110
97286,93634,82366
98557,98688,81828
94328,100076,82537
91769,98439,82364
94206,100024,78434
90886,102125,79039
94133,101798,81279
94728,100344,81904
94350,103047,79396
98799,101121,78685
99369,105211,83196
97886,105254,84447
97058,106389,85129
99829,102173,84972
99989,105304,81888
100073,108687,87850
97037,105479,85720
99420,109224,80939
90880,105375,79990
101591,114064,83139
101803,112061,80538
105010,107650,83985
110505,111632,82782
111045,113347,85515
108632,110853,93401
105294,102217,94829
97778,99597,94371
99277,94210,88891
99003,92863,86400
98146,89770,89144
96536,90096,90360
98861,91889,91237
102028,91024,88832
99012,91727,90882
99159,88116,85891
95277,88054,84650
96528,86775,84932
99528,82494,80275
98738,84965,82014
99577,83511,80635
98988,87025,79300
100199,87361,80472
99146,87538,82837
97720,86389,87033
100380,86051,82761
98576,83664,78955
96498,82039,77794
99252,81734,74224
99677,84525,74122
96234,86667,77299
97403,87231,78109
97453,88263,75120
99485,87287,79135
99597,87384,75297
97865,88272,78438
98151,88362,77758
97631,88448,79130
98014,86869,77914
101105,86545,78234
98556,86488,77715
97075,84359,78093
99474,89222,79775
96754,87645,78409
94850,90394,77892
95674,92970,80559
94590,97755,83640
93738,101026,81096
87506,100408,79377
89170,101849,84108
90882,98726,85458
89568,100785,82125
93704,102333,87563
93651,99239,87014
90059,97301,87008
93239,96602,84896
93711,91021,80946
96043,92945,81311
98010,93668,83168
97068,90870,85089
99629,92597,85119
99356,90243,83084
100968,91973,82260
100038,92216,80663
97251,91686,80060
95669,90136,78889
97672,90398,80548
97637,89509,82166
99211,90497,84153
99744,89964,81170
102196,90139,81989
102069,91500,80797
103871,87923,77373
102408,86988,77069
102484,86952,76417
104286,88846,77727
103590,87615,79154
103767,86526,77321
102898,92803,81712
100002,91208,78203
98875,90226,81882
99629,93739,86299
99315,92532,85736
102545,95069,86175
101027,98028,86947
104078,96710,86529
105212,98539,84135
104709,98533,86158
101158,100146,82600
102523,101739,80829
97552,102123,81959
100723,97662,80379
99143,99468,80134
94599,101841,85066
93380,99383,83077
93808,98730,83396
92633,98483,85897
92917,99698,84520
94047,97170,85868
93619,98384,85066
94897,93823,79394
98092,87554,72849
95880,87919,75410
94242,91653,77208
94845,90358,76851
95515,91875,76173
95539,94100,79096
94264,95586,77865
92510,98354,78341
94636,95998,78952
92729,94943,78262
91935,94187,76744
92389,93472,76467
92818,92848,79974
93507,95294,77888
93166,94787,78594
91850,95796,78179
88901,95582,80483
86789,98175,77283
87852,95917,77958
84096,99790,75961
85697,99962,79785
83232,97242,78834
81815,98254,79104
83946,96376,75556
87479,98482,74549
87495,98127,77128
91995,96139,76760
89460,96039,76559
90027,99740,80789
92036,98728,79979
89311,95687,76882
86561,94221,78873
83191,92063,76625
83136,92600,72347
81614,90356,70391
82519,96612,74264
84168,97340,73433
82659,97195,73868
84779,94155,75823
82692,93484,76779
84597,93401,74419
83839,92826,72685
85206,93675,75240
84102,96033,73236
85264,94015,73637
86331,92666,74571
92100,96187,72166
91083,96288,78270
94609,92986,70894
94068,89203,72785
95174,93299,76249
94772,90948,76875
94580,91354,77623
91799,90717,75823
94186,89777,79896
95508,92650,78004
94640,92613,76384
93839,95660,82056
87263,95220,79190
91929,94695,77995
89140,95869,76296
88917,100650,76697
87143,97194,74276
91355,92336,74191
87078,89579,75752
91423,93458,75007
88478,92145,74547
91968,89415,73219
92563,89972,74328
91117,94236,72399
90892,92805,72336
90767,95897,75236
89571,91901,75946
86626,93773,76125
84035,96167,78848
85579,93409,79057
83221,95998,77961
81433,96693,79450
81427,94546,78951
82771,94369,75171
83387,91598,77209
84201,91838,74134
86535,92272,74604
88116,92740,70050
86292,95881,70146
86267,93516,72338
88731,91225,70873
84268,95624,72031
83521,95990,75560
79690,99563,77077
82637,97483,79419
85456,90428,74288
83239,93662,71919
84423,97187,75050
90663,97609,75087
94626,113284,80095
92969,115321,79885
82610,111063,83850
82927,109294,83745
84451,102114,85092
81051,99192,83326
81703,97059,84329
82199,97344,85378
85093,94559,81216
84909,94377,76815
84311,97161,76713
85203,97526,74284
82284,94998,78879
83408,96628,79753
80057,96091,80077
81936,97822,81571
81680,97019,74313
81854,95827,74599
81973,94968,78097
82738,96635,75158
82935,93832,73877
81187,97851,75243
77933,94613,76181
81208,94623,76709
82764,97994,75169
84226,97810,72198
84571,95440,73171
83999,95062,72270
83483,92536,67209
84553,94721,71351
86363,92342,68414
90644,91198,67425
90288,92272,69481
91512,92739,73351
91534,90725,73332
86865,90668,71595
88156,90946,72478
89112,90721,71180
87334,93848,70323
89200,93638,70063
86293,96466,73657
86632,94634,72599
87562,96294,71582
87422,93960,71502
87176,96233,73216
90283,94738,73254
89060,97633,74686
88917,96230,73827
90668,95315,72454
86041,97028,70016
88860,100748,69925
88233,97576,70430
87734,100954,72495
88160,96690,74012
91107,97324,72835
88830,102169,76086
88576,95654,74864
91257,95881,78187
91341,95169,74934
92365,95585,75205
90911,96703,73878
94250,93411,75865
92462,94784,77299
94128,94072,76139
91951,96525,74171
90872,93950,75103
91985,91790,71647
91832,95906,72496
92453,95424,73684
93810,95255,78495
90917,95620,83189
89963,96362,77749
84460,98373,75715
89362,99966,74878
91185,98013,77820
91094,100549,77758
95974,101065,81266
95608,101800,78416
96415,99317,81961
94980,98845,81993
98253,98515,84372
97353,97695,76066
97402,98986,76914
96975,100785,77702
95337,101093,73126
92686,99225,76444
94737,98865,78650
94667,98198,80656
95365,92196,77726
92843,92683,76227
100187,98396,84687
95422,99897,78774
91306,98298,79752
94103,92229,77279
92544,91850,78794
92231,96454,78960
92340,96242,77778
91227,94829,75157
96171,93822,76748
94061,94079,74798
94768,95820,76959
94673,93100,74484
95234,94177,75637
93299,93909,77725
91691,94372,74974
94179,94498,74164
91662,96523,75309
92663,94537,75993
90076,95280,76747
90720,96684,77682
92596,96956,75817
88795,99514,79184
85463,99396,76077
82557,99386,76638
81166,99346,74107
81784,99560,77720
78881,96847,75235
79642,99481,74206
78991,100105,76365
77494,102042,84654
80304,101371,85386
79552,104042,82194
80645,105026,80017
80709,104951,81729
81325,101851,83621
79617,105440,88241
82697,103602,82699
78354,104802,88995
78649,110046,91442
74297,106957,89309
70726,105723,91620
78033,111416,94923
79204,110997,96041
77191,113659,97749
76814,113271,99128
78161,112961,96617
81073,112185,95318
83262,111464,97146
85587,111763,97337
85284,112467,95588
85760,112354,92681
85166,108107,91961
82334,109618,91430
79323,112012,89165
81779,111071,88958
82289,111253,86190
87028,107204,84703
86550,105914,86494
85736,109844,81346
80849,112015,82371
85498,113097,82355
88068,107569,82548
85088,108614,89616
84770,111347,91055
77702,116058,95593
81713,108275,100426
82494,112944,101642
82938,116041,100885
79342,112645,102388
78931,114384,98998
82653,120230,101587
82238,122597,101100
86009,121202,97403
84070,121323,97350
83604,124372,97604
84287,121208,98879
84790,117602,104821
87450,114482,101391
78201,112297,102319
77834,114277,105962
80738,115090,103689
83064,114721,107333
83511,115112,104874
78401,111494,103026
78327,116475,105288
83325,115447,104659
81356,117128,104783
78647,114959,105153
80827,113986,103517
78480,111894,103200
82211,112198,100619
76841,107663,102538
79105,108825,99436
79752,109090,100002
80326,110663,96981
81343,111769,99646
79306,111744,96519
77842,112008,97475
78547,115227,104219
78010,121093,100997
78984,119663,101360
80118,113001,102000
79035,115317,99635
79339,115616,101903
78811,115395,94599
78839,113712,93937
79384,117001,95493
76820,116611,100214
77223,118376,102747
77566,113987,99244
78195,110818,96747
77553,115772,96497
77261,115311,97434
76630,116010,103769
76095,114640,100438
80434,120136,101525
80055,120649,107145
80184,119743,102980
84337,117187,103596
86045,124061,101932
84262,127380,102447
84166,127173,101956
85280,123955,97559
84634,128135,96318
82068,128653,98747
83746,126231,95856
85370,121671,95090
83547,124337,97085
83650,122539,97488
84493,118940,98569
84080,123486,97777
84298,117253,96938
83776,117279,94497
86262,119612,93400
84001,117777,88844
80864,112754,87274
81096,114119,85890
82450,106961,88070
85619,104297,91271
85912,103701,88854
82297,107070,81342
83384,108916,85976
83654,107547,80145
88262,103189,77959
89859,100145,75276
93704,101789,72004
93939,100828,74583
91843,103876,77611
91437,101595,78609
90506,101494,77650
91622,98960,75946
86956,100324,79284
88572,97884,77679
89808,99024,70592
89062,97600,75560
87075,101934,75534
92247,102956,77879
90229,101286,75266
88290,101236,77346
89268,104312,72882
90111,105307,79442
92492,110595,79459
88838,112611,81889
87442,109203,81351
88991,110923,79989
90345,110037,77470
90629,108662,76439
90060,107045,75953
89993,105902,80254
88976,107275,79435
93747,107086,73218
93309,107208,75501
89971,102167,74135
92035,104581,75076
94834,108441,74733
90642,109727,74428
91953,109456,77853
92227,108877,75891
90150,111636,77793
93420,111134,77859
90240,114956,81143
93145,113338,85120
90234,110955,86208
90116,111304,87446
90706,111305,88804
93412,108839,92201
100229,109720,91648
96135,111711,91241
90167,105406,81754
88960,99987,92555
88631,104795,101920
90572,99446,84118
93519,100706,85914
92652,102690,82736
92954,101120,80065
91143,103610,81643
90893,99112,81446
92405,96349,80204
92209,100030,81481
93605,100767,80329
91832,99168,78737
93401,101963,78039
91501,102436,79619
94287,101985,80165
91619,99041,79786
92129,100356,79068
94340,100617,80712
94218,98401,80661
92149,98153,79273
92240,99383,79360
94248,98028,81008
90672,101653,83794
93235,101395,83872
90375,99358,79468
89946,99340,81039
90227,100595,78368
88425,100178,77484
90171,98926,79763
89583,100081,81507
89607,99945,82059
84869,105185,83495
79641,116071,86316
80808,113972,88203
87428,106161,81504
86433,107236,79592
83195,110495,85580
86516,121765,89151
81519,115218,88813
80028,110940,89171
80289,109158,87028
83892,110614,88931
85795,112081,88255
84595,113924,84916
87714,110507,82877
89808,106401,83084
92157,105845,81982
92073,100194,80176
90991,100596,78224
90791,102305,75601
90767,102740,73553
89298,106329,77879
87291,103645,76292
83803,106403,83932
82389,110969,85641
80693,113803,88433
77824,117675,87752
82431,112080,87500
86046,108971,86847
85898,112876,91042
87149,112157,90259
84834,111598,90130
82146,116215,95141
82303,112374,92187
91376,109905,92886
87532,113049,97248
86593,112842,97826
89608,109191,91481
90178,110006,91145
89882,108588,89880
87706,107185,89442
87277,104547,89210
87797,99425,89582
86050,99956,95176
86311,101017,94903
87904,100205,92381
87420,100444,92652
87361,100140,91320
87974,98663,85886
88582,101057,89228
89413,100669,89878
90199,100870,86183
92501,97641,88651
94429,99233,88826
94981,99043,90335
95085,101492,92180
97589,100962,92578
98322,103062,93287
99278,106085,92077
98283,105722,90770
96570,106558,92046
92944,108677,91608
92922,109835,91128
91432,108184,89991
94246,109241,92120
93746,110445,87954
91908,105671,91507
89945,110770,93377
89133,109352,96984
91425,111050,94686
91537,113833,96560
93087,112383,93040
91625,116047,89144
89098,112561,85057
88840,111255,86277
93342,111878,86686
85243,110329,87486
86460,114253,85193
89397,112516,91319
87025,111075,87973
88898,109191,87049
88735,108633,87205
89061,108765,85058
88630,112981,86773
89473,108902,92832
88560,108697,92734
84253,110272,92469
84188,108623,92829
82552,110703,93060
82865,107678,94136
82864,104879,91784
85751,104393,92274
87367,103817,91003
89785,102722,93510
89854,102548,94082
92480,103216,94625
93479,101691,95442
93290,103278,95503
91061,103360,94233
91585,102065,93416
92517,101894,96378
91281,102464,96082
90290,101674,94499
92140,100608,90576
88990,99096,92960
87626,104711,88537
88992,105307,92544
90512,107038,88819
95543,108870,88539
87418,111089,86350
90392,112750,88562
87423,112402,90006
89985,115423,91012
95338,118205,91588
93730,113226,92727
97092,109746,85680
92357,105144,86405
84891,96660,85425
86260,104518,80918
80312,106533,79444
81938,106834,79300
82333,109963,81402
79126,107769,80598
79443,107200,80463
82028,103134,78809
82250,106362,75479
79771,110699,82057
78785,107780,83810
82865,107688,82313
80950,110593,87922
72851,111453,90894
72356,113383,86731
76203,107604,76487
75411,108171,78716
81124,101557,79399
77784,102536,77658
78818,97711,78165
77941,96149,73022
79697,97877,74955
79669,97116,75830
78438,99110,78673
77086,100215,78569
79427,99132,77045
79647,97398,72772
79299,99357,72784
79234,97113,72505
78881,97858,74730
82138,98122,73916
78470,98784,71009
79255,98292,73868
78926,97142,71961
80778,97990,73851
76441,99676,72135
78848,97969,72307
82280,99930,77270
82850,97979,77339
80812,98875,75343
83041,100279,75752
81116,100525,79947
80942,98637,74954
81336,99681,82212
80852,97748,83156
80961,99386,77338
82819,100194,77710
82427,99981,78454
83602,102627,82426
82980,103725,83473
81834,107656,79355
82972,107082,81341
81227,107852,79406
80700,104715,77297
75328,107850,79033
79344,104356,84947
75095,112504,83074
74959,108357,87548
74630,114709,84060
74200,115627,83100
79066,108953,85365
76243,112646,86747
75660,115659,93855
98121,114063,95603
79763,120761,93733
82107,120180,91158
79727,118283,92110
81003,118757,93029
84790,113991,92160
84935,111032,90495
86007,107532,87051
88095,105773,89039
85209,106446,92382
84005,106593,90114
85921,106136,94591
88775,106810,91657
86594,106113,88582
83301,107732,84211
76040,118282,83209
78662,116117,84648
84307,115385,83270
83430,111322,81537
82918,112427,81051
82263,112864,85301
80030,113292,83029
79502,113223,82137
78921,111157,84957
80685,106041,84856
81139,108102,83031
79557,108701,82701
80679,104166,81517
81386,105541,79205
79584,107980,78545
82287,106367,77381
79540,105242,79550
78772,104822,76902
81063,101742,79082
82093,100099,76179
80938,99238,78225
84945,100075,81095
86062,100078,82123
85236,99967,79603
85087,97930,80224
81390,101485,82406
83587,98936,76881
85030,97765,75845
85405,99191,81272
82179,103614,82657
83403,107353,83272
80587,106950,84114
80405,110135,83828
83052,109347,86962
78775,109159,85973
79648,111590,79300
80484,109440,82854
80157,107560,83051
82126,106874,81189
82446,106981,80573
82163,107126,80381
81167,106316,81314
80296,103967,79611
81183,105903,79751
80072,104362,79958
78826,106438,76377
78723,107298,78095
80170,105999,76278
79840,107663,77370
82726,105566,79757
83001,103669,79483
84336,100641,77366
86117,101066,84461
84443,103032,78841
79486,102433,81665
76273,101659,82579
79327,102243,83013
81281,99386,82032
81592,101988,86111
82641,100431,83597
85262,99435,81512
86962,98718,79179
86655,96871,79133
84369,98114,81363
85884,100287,79490
86931,97611,82017
86931,97687,83503
86972,98906,84428
87898,95598,84237
90218,95712,84148
90799,94726,81885
88625,96721,88793
87965,98291,90206
86749,95798,88612
86907,98622,88012
87351,97586,88076
87273,97884,87526
86157,96134,87533
85456,98017,88041
88328,96083,85748
88387,97826,84708
89526,96587,84159
90835,99188,84379
88816,98850,86277
89295,97600,88238
92151,96447,84798
92006,100270,82986
88987,99898,83193
84623,101642,80391
84837,100012,79994
87955,98129,85058
86529,96818,86282
86692,96316,86306
86715,97698,80895
84329,96556,81897
83593,95118,84267
86262,95962,75482
87069,98216,79512
84392,98585,75676
86104,101283,76862
82850,102025,79396
84787,100148,79574
85489,102128,76802
81965,102455,79743
82424,102157,77830
83404,101009,83909
84461,104309,82908
85679,104294,73825
84242,102980,75081
82777,107381,72968
81088,110371,77045
77762,116020,88347
73946,114031,90672
74230,113042,88403
74973,110903,86896
76450,105916,85729
77124,104547,86305
77699,104857,86185
75889,106427,85598
77106,111697,89985
73534,123147,87067
75250,117379,86754
76443,117682,90290
75996,120525,92125
71839,117355,84836
76858,115670,86910
75363,119978,83965
77007,116376,84120
78436,118614,88920
81510,118224,86005
76985,120730,80102
78838,120651,82282
78030,122203,82248
78801,118972,83050
77284,120873,87381
74812,122265,91425
76866,123099,91819
80612,122294,95457
82249,123886,92675
86150,121204,91869
86882,130329,99322
89120,127628,100947
82815,125686,99705
77520,115809,100891
76562,116561,103766
83839,116564,101027
82506,116568,103285
82091,114669,100352
83590,113142,94102
81471,114982,100586
83533,114425,99032
81760,113313,98019
81494,111596,98688
81093,109633,94781
82545,114283,103672
80313,114097,99098
79823,116969,103630
84048,111246,95508
83337,108649,96592
82112,109028,95692
82080,109875,97945
82410,110444,95938
81119,111469,96855
80587,119290,96689
80716,116955,100696
79896,116993,99805
80500,117293,97630
82376,116022,96440
83095,111381,93038
83660,103154,91260
80157,109938,93651
85199,107140,90285
85606,104784,89258
85641,102751,88488
84884,100770,89590
83588,102044,89057
86548,102884,90815
82285,113035,88756
74645,121013,95086
76705,122567,95262
79188,122525,95463
80431,121688,94526
79800,122333,93051
77244,118082,90304
78386,112948,89018
74850,113172,89585
76063,112748,91102
76423,110832,87523
73734,113769,86836
72341,107512,83365
72027,105757,80026
73755,107932,82818
71645,109102,84738
75287,105311,86672
76190,105216,83103
78901,103016,84690
78452,103327,84275
80054,102715,85216
82008,103150,85534
82592,101766,87929
80763,101218,82974
84132,102600,81661
86860,100092,83252
84862,105028,84830
91488,107963,77949
98793,117575,80027
86967,115558,85882
77600,110084,96349
81490,111319,90632
83100,109385,84183
85794,116090,83374
76606,113114,82966
78332,105160,79779
79452,105829,81188
80646,101068,78264
80246,94577,77434
82610,95223,84503
84715,95470,86416
85419,96071,85282
84832,96085,84564
83470,99797,84932
82555,105317,83796
82169,105960,81059
83318,107717,78700
82700,113141,82653
84551,110547,82589
82375,109594,83021
83224,108391,80467
82580,106859,81836
82930,108181,85331
81414,105835,89136
81139,111050,80455
80892,110769,83597
82549,106851,79507
81258,106417,81396
80022,105536,83568
83511,106975,85765
82465,108915,84142
83427,107594,85714
78796,107683,81823
81877,102469,80774
78654,113095,81418
77584,111570,83256
79588,109139,78249
81887,106832,78574
84709,101183,76006
83526,100921,77632
82414,99721,75734
82395,103594,79692
83742,100023,78582
79485,104533,78241
82384,112815,80141
81162,113816,89544
80215,113383,86293
76448,113094,84320
77863,114338,85043
79064,111557,84542
79544,114560,82597
78171,115313,80833
78181,121726,87831
74581,116489,88991
71899,119807,90627
74941,113611,86825
75955,108412,79903
77503,105913,78911
73470,109198,80577
72951,106534,80171
73941,112641,78422
76594,112753,84132
81015,113929,91472
75525,121034,88394
79455,117112,86244
80428,114748,77875
75567,116455,80441
78926,114518,80183
79453,111598,81377
80746,111570,78010
80788,109888,79691
79413,108373,81816
79355,108246,82911
82547,109654,80708
83036,108182,80382
84940,109198,82219
88411,111142,77636
82956,111732,78906
86072,107500,80444
87560,102012,79576
86672,100986,82389
88519,95384,72681
91875,94485,73245
91228,100782,75204
86857,99129,76655
88072,101604,72333
85395,99710,74755
79347,105058,80964
78847,107959,85042
79711,104579,85116
74743,106879,85296
76573,104856,87658
74128,106680,88263
72736,106042,89037
71963,101470,88428
72140,100387,85768
73965,102362,88727
76170,107034,86466
76142,108798,85711
79947,109040,83961
78592,108822,85521
80937,107060,87218
87290,102290,89610
90343,100130,84791
92275,99457,78251
91622,99021,80623
90815,101469,85686
93629,103919,82714
87811,106775,90878
90988,103908,90171
88251,103476,92490
91129,101794,95036
93877,104026,94304
96117,102467,90801
100077,101687,90231
94084,100124,88546
92056,99498,88070
88526,99644,89567
85898,96950,95138
85054,93918,92918
77009,97261,91263
75468,104748,93540
78446,101293,95205
76074,104226,91190
83167,104495,86514
85364,103888,88472
86455,101336,88047
89666,99855,81021
88178,96564,82443
89243,96797,81058
87906,96293,82412
90650,94508,80500
91878,92133,80054
90184,94584,82079
92734,94644,81602
94562,93336,81070
91750,97997,81973
95344,90961,83897
92409,95266,83404
90321,93884,85910
89251,91612,88148
91529,93053,85808
92339,94202,85801
89852,93999,89608
88993,94948,90691
93295,94966,87571
94139,93965,83198
94392,94980,81296
93982,94739,85875
92567,93578,88083
94544,92766,81804
92440,96262,86268
92899,97747,83281
94102,97231,83098
94376,96001,83786
90931,99175,87686
91208,97455,87542
92866,94432,82941
93640,96375,88114
93916,96964,91340
92214,94300,86259
92146,93842,87748
94763,94177,85093
93712,93107,89986
96919,92373,85596
95848,95053,83337
98438,91828,82166
94932,95240,89274
96895,93963,88064
100384,94924,91797
99574,92079,89280
97147,91131,88845
96741,91367,90583
96686,90426,91470
96450,89212,90291
100309,87305,88962
96618,88920,89230
97155,88968,87961
96673,92670,90899
95197,94530,90142
96541,92481,91950
98070,91895,92424
98777,91076,93313
99078,91120,92020
96050,93696,94146
96748,92017,91076
95983,87480,88216
94051,88952,88016
94900,89404,88883
95439,92313,90829
96586,92243,87328
96789,90851,85057
95994,90174,89447
95784,86101,86782
97010,90317,85473
95786,88153,87939
96862,90136,86433
96884,90040,87762
98899,93311,88270
97751,92490,87162
96250,92141,88244
95514,90623,89102
93483,90654,86019
93101,91109,89766
98898,88843,83814
95781,92529,80513
98105,90566,81428
97441,94517,81259
98705,97304,84617
96464,95071,86186
94293,98565,88314
93609,97012,90801
89745,97799,90870
92036,95897,87385
89842,96643,87646
93145,96220,84678
90777,99511,84197
88011,97883,82574
86624,97730,79920
87332,98920,84592
85945,95227,85551
83347,96496,90696
89987,94298,84181
86512,99922,84360
82053,103053,84302
85234,101783,84472
86877,97552,80018
88525,99954,85708
91539,98865,86842
86872,100215,88049
88934,100287,88085
87162,103314,87974
90137,101909,89822
93301,95977,91700
93677,95031,87461
91601,97427,92644
91520,93951,88980
92018,94441,87794
93506,96276,87257
96353,94782,86636
94624,95024,83576
94348,96714,89191
95787,94853,83050
95980,95150,84272
97224,91426,82803
98776,89967,83332
87790,99526,91647
98959,92252,93892
97974,91450,88784
97522,92439,88073
98207,94161,86550
96311,96406,91231
97210,98625,92443
100050,96728,87579
99315,99387,90257
96420,97703,89054
93442,100658,85448
92042,100309,86394
90180,104603,84945
89650,94036,80740
87033,94235,70308
90383,92705,74033
94047,92225,76486
93476,93735,77946
94162,89149,79952
95453,92717,77951
94840,92964,74734
94537,93160,72621
92270,93696,71292
92776,91389,73655
92991,91853,73815
91246,93869,75054
93327,92716,76431
94680,93858,75650
94737,94131,78666
93043,89325,77214
93086,90914,72903
88821,94301,75024
89739,95010,77172
91462,94494,75121
90912,97133,73744
87708,97869,76967
88854,95503,77396
89055,96141,80377
88030,93223,80121
91093,92517,77933
92296,94549,82793
92696,91191,83095
89706,91919,86781
89839,93506,84696
92041,96271,81809
91506,93629,79628
92865,94673,83519
91485,92281,82710
88436,92071,84815
89347,88678,77983
87658,93490,80676
87740,92320,82466
91373,90861,82776
91783,92073,82172
91202,96881,77766
90481,96239,77563
87551,99582,79705
85983,98568,79398
87933,94301,77670
84035,94575,78149
86722,97064,81567
85925,99973,82910
88231,101225,81329
87554,101756,79222
86716,100663,77607
87158,100172,80005
88387,97139,78935
90238,98547,76732
87841,97947,75597
88677,95176,80230
90060,93321,82111
89750,95830,79455
91659,96582,84260
90180,96990,83155
87225,96225,82884
88457,97428,80763
88562,96120,75485
88251,96993,73537
84272,96569,78074
85410,97916,78394
84957,100997,80390
87066,99305,83568
85571,100159,82351
87134,101384,83510
86861,97533,80841
86463,96433,80726
87405,101334,81679
85729,101970,78475
85006,104054,75245
84272,106566,76727
82896,110415,82506
78879,109970,76629
77806,104382,72017
79739,101913,73027
79711,101372,73470
80910,105012,76143
77921,108789,82794
78326,107617,78712
81260,105960,79756
79810,105533,79618
81342,101551,78082
82138,101145,80370
83386,100760,81293
86110,98935,82743
85810,98367,82925
88073,98400,84547
88095,97900,85372
86235,99265,84334
85049,100616,85811
88097,101364,83890
87100,100938,82712
87485,98716,83334
87191,97826,81733
87193,95815,83002
86913,97026,81087
88032,96359,80576
86660,98140,77695
86384,98011,77888
85147,97733,80291
84146,97489,77363
85160,99013,77195
83856,99274,82112
80903,99829,77499
81335,96159,78442
79950,97895,81485
80087,96107,80795
85625,98150,82536
84585,98416,80614
85438,97377,79911
85852,97928,78450
84066,97152,71186
84498,95682,71101
83225,96487,73604
82598,97110,71905
84709,99769,72510
87325,102418,70758
86256,103878,74756
87900,105035,73448
89467,106744,78757
89959,107387,76499
90295,106364,73463
89420,111526,78495
86822,108944,79623
87502,109540,82265
84270,107146,78616
82516,106728,77139
85492,110348,76324
85941,108364,78902
86238,108496,79208
84456,108283,74833
85324,108996,77457
83491,108303,79634
83819,105180,77390
83563,106883,78864
85467,103310,80326
82329,103123,85884
85417,103718,82057
86615,105391,84820
86669,105648,87221
87996,104575,85446
88597,99755,83482
89867,100606,81896
89098,100909,80543
88190,97126,80646
85747,94087,82718
91839,95992,78973
94320,98178,84621
92786,97375,83802
94633,97988,82959
98714,95304,84946
97680,95403,86456
96090,94976,83609
95348,96002,82331
93788,94469,79514
93741,95887,79735
93746,95759,79718
92912,96354,73025
92517,95959,75212
94585,92147,72279
93266,95039,76631
92605,94781,79292
93155,95113,72271
93799,92090,71959
94373,93558,71760
94732,93658,72812
93423,98125,81241
94507,95169,81914
96143,95941,76787
97400,98815,79327
97183,98122,81812
95323,95774,84079
100630,97118,81953
96241,100920,75727
92916,101901,74032
88832,105116,78193
85136,104862,78869
86898,103189,78540
81367,105690,81730
81972,103147,79611
81653,103636,75453
82617,104235,76972
86943,103247,80939
87839,105448,78285
89324,103066,80827
92286,100950,79609
89878,98009,76502
86083,97574,73976
85701,95318,74066
87892,93620,70844
86862,93036,68622
88120,94609,70348
87298,95612,68893
93192,93274,71361
90533,91595,70344
91992,92624,72083
92969,92824,75358
90920,94327,75001
90092,96825,74619
94137,93994,76789
93180,95553,79310
89018,93243,78055
88861,92958,78036
88830,95263,73983
89402,91222,79916
92746,93791,82443
89714,92825,80212
89974,90288,77255
87077,93755,80066
87664,92810,79364
85429,90302,79098
86304,88025,78456
89940,89802,77384
88485,89312,79320
89334,91119,78351
88612,92021,78497
90649,93252,80098
89199,93583,77687
88987,92397,79524
90970,90938,74424
87793,90555,74891
85575,94663,74173
85852,94464,75776
87007,97087,73453
85713,96236,74162
85513,99943,74991
86737,97100,78987
86359,97476,79216
81043,100113,76274
84134,99346,75694
81888,99475,77034
86500,98474,74382
85805,97155,75162
83683,97455,76855
87548,92429,75357
87053,88197,72740
88017,93592,76796
84907,95206,77440
84538,95012,76690
85462,92478,79089
87658,96501,79566
84961,96691,78461
87092,96352,79050
86159,96466,75885
85902,97193,76582
85078,95704,75068
86745,96121,73053
85464,99469,76812
87801,97115,76679
83116,100473,80651
82205,100076,77684
81224,97964,81064
86163,101939,80969
86992,99529,82555
86538,96729,81224
88695,95926,78241
89057,94144,81382
89357,95889,78409
92103,92110,77699
88843,93159,77494
91488,95057,80384
90402,88221,77685
89946,91701,79652
91489,91082,80487
90196,91001,80590
91712,90854,78291
93659,91207,78081
93417,91873,78616
94902,91921,75848
93837,91709,77669
93187,91880,78689
93546,91927,76287
92681,92967,78031
90829,94207,76447
90906,96253,83256
87454,95706,79548
89501,91549,78689
86456,91580,75437
85432,92117,77647
86685,92409,77063
88092,95047,78803
87224,94454,78441
86294,94589,78622
87165,92101,79677
88067,94598,82278
86398,94861,76991
86655,97266,78223
87335,95738,80073
86913,93261,78071
87694,92405,78742
86562,92600,77955
86499,93563,77418
88736,93134,84017
86653,96436,79421
84940,98363,74698
85591,101186,76014
86856,101325,77451
85007,101698,80842
86213,104217,79565
85152,107367,77203
88291,105975,77597
86707,106374,80353
89717,105617,81133
86292,106394,82586
87475,105010,83831
86521,102452,82223
85707,101268,85025
85337,105457,85150
87087,102458,83633
88468,100131,84597
85938,104870,81411
87230,101132,79825
84206,107117,81056
87634,103773,82912
87720,104002,85005
82027,103090,88082
82896,103916,93682
85835,106640,90886
83243,103552,88499
82935,104945,90782
85261,103509,90091
85772,102635,89671
86819,102181,93005
82919,102881,93063
84568,108004,90201
85825,107750,87066
86939,103384,86674
86199,105051,84752
86152,102974,85882
84388,103418,88034
85619,101867,86228
86591,102056,84966
88494,100325,79300
85957,102472,78513
83255,105960,81288
79599,108338,80769
83576,105432,85663
79802,106297,87262
80048,108555,87047
79214,109228,88053
74558,113059,87280
81105,115372,84249
83846,114875,88558
78071,121335,87505
76996,125243,88888
78257,124980,86093
76379,123616,85431
73131,121666,85636
72128,118198,84550
78256,113054,79818
79775,109559,83577
78473,108447,83190
80777,108263,85347
80143,105237,90666
81460,105980,86216
86064,104900,83402
87602,107272,80249
89073,101780,78718
86947,100302,81896
90397,103968,81405
91556,98465,83166
91822,100235,82041
94170,95854,83284
92121,96960,81555
95182,96115,79027
95847,98023,78368
95857,95848,79169
98570,96619,79906
98237,96680,85991
97405,96607,85180
99648,98720,83233
98776,98802,80505
99480,96817,82253
96475,96230,85470
94545,92899,78654
94125,94966,80471
94496,94397,87662
92507,93535,83659
94803,94077,80046
92857,93192,79573
95613,93194,78238
97686,93517,78888
98488,94951,77814
96405,93536,78104
95416,93038,78327
95394,91641,75385
98435,89735,77643
94909,92205,77261
92913,94852,79250
92068,92821,75822
93449,93297,74214
94985,96914,74938
95196,95194,75474
97127,96744,73600
94455,95866,77441
95363,92312,77040
95595,89860,76943
96838,90049,75268
98624,91832,76126
97418,92329,77769
96959,92438,78610
98589,91246,81832
98320,92677,79536
96038,98877,74430
93057,95533,80675
93801,99049,74950
93172,100029,79391
93234,98042,80236
94771,98086,77857
95393,95273,76462
91381,102319,75556
91388,101909,75312
95459,97442,77506
91397,100163,76488
90674,97001,75354
84624,98781,72243
87329,97295,76457
87471,98381,74767
89911,98172,77300
91250,98131,74751
89540,96169,72848
89498,98149,76369
86050,95322,77795
76688,105308,81068
73613,113350,88848
73465,119631,85870
75983,116375,85430
81793,106137,89234
77811,111800,84658
81304,113649,90479
74988,114935,92153
76937,114584,86378
79694,110923,87840
81575,112780,90792
81004,109437,88305
80713,113979,86384
82012,108608,94473
80727,109786,97357
79899,105689,97238
79077,104939,94896
76597,107494,97975
74647,110221,99505
77202,110225,96760
76149,107416,92554
80838,107322,92565
81156,109751,94610
82638,111774,94169
82882,113793,92133
82989,112441,95651
81419,112572,91445
76518,113706,92515
77207,114817,90448
81061,114038,93194
78965,110640,90138
80644,107737,89225
84189,105668,89522
78002,109078,86979
78481,110221,87663
70881,113503,83756
72710,114377,85894
72475,115228,86753
72489,111947,85073
70011,114732,84141
75477,111694,87644
78244,104944,81929
77373,105043,83179
78733,104425,84171
77386,105835,82437
80933,103303,82671
79666,105191,83676
81120,104742,84620
85597,98130,83193
86805,94520,81109
87560,93604,83043
87399,94276,82302
91118,93005,80460
91175,94056,77171
91441,95275,73437
91767,92977,73741
92631,93628,72669
93481,92912,73161
92066,93967,66741
95077,94223,70519
94432,94681,75289
91624,96554,76138
91394,95453,78122
87654,98576,75504
87855,99211,79802
85493,102718,83147
83549,102796,89243
82770,100770,88906
85212,97013,92605
87872,98459,91395
88959,93568,87263
91851,91667,83825
92714,91445,78578
94525,89470,83149
98204,90258,80621
96457,90270,82073
96328,89058,82794
98367,92034,81596
97586,86953,78828
97774,85423,77393
99276,88006,78869
99039,88944,82817
98510,90448,85324
98442,90568,82611
99582,92701,82146
98905,89539,82094
100220,88402,78513
103302,88472,81105
101126,88842,86633
92017,91534,84608
92470,88287,88668
100009,92943,88116
98595,92803,91025
97346,92064,90870
100775,93786,92293
99145,95228,93670
98848,95036,90970
97309,95803,94562
98725,93091,93881
97335,94699,88480
93649,95739,86933
97026,95928,88371
97294,96684,91216
97999,96084,85749
98100,96494,89234
98171,95467,88356
98443,93765,92056
98880,93213,88102
99606,94580,92728
98133,96116,92476
97299,95730,91396
98136,94923,92621
100111,96187,89947
96508,95485,89556
97439,94513,86253
97509,94697,85686
99321,93034,86411
96717,93827,83537
97205,94526,80415
95841,95209,79104
97080,92969,81519
95651,93677,82676
98160,94428,83368
99012,91181,83270
96077,96216,79678
97468,93134,77641
94988,99481,80436
96260,99715,81578
97937,95234,74433
95603,92515,73434
93719,96095,70519
93129,96109,71598
91721,95273,70107
91140,96854,79598
80427,99023,83399
86067,102681,80782
80941,104597,85462
89654,97863,87781
83612,97483,82342
76296,102386,77727
77405,104055,79663
78980,103007,77852
82545,101036,75474
89163,96086,73065
93467,92365,78120
96646,91405,79437
96344,92152,72790
99055,87202,73802
97513,90961,74401
93222,89666,70827
93844,87205,76244
93696,89825,74465
92397,90532,77114
94780,89206,76853
93195,91713,76753
90452,94621,77447
95522,93696,79203
102027,92365,77560
106207,107291,84919
96182,101095,83830
95817,96694,76508
96055,94733,71983
98833,91167,68079
97714,89147,70582
94700,91932,71053
94177,89116,74713
91908,88039,76556
91674,88777,76161
91496,88113,73941
91810,92429,73399
91679,89292,71787
91481,90043,76773
93240,92679,72062
93075,92203,75381
92987,92786,78012
96357,94512,73672
93292,92700,77041
92235,93617,77194
94717,92509,77074
95948,91759,77724
94889,90625,77531
94895,90218,76311
95702,89136,74474
97973,88944,77818
96403,87485,79102
95438,91468,80614
94698,92881,80814
99328,91519,80366
97567,91384,80917
95823,92236,78981
94655,90227,76372
95319,92795,78429
95955,91135,79362
97323,88457,78100
97122,88508,76743
91409,88707,75776
94971,91660,74117
93863,91662,75718
93951,90166,71787
96779,89718,72462
94232,91862,67753
91929,92354,68176
94318,89086,71803
94045,90579,69678
96060,91946,69854
94183,91794,75234
93526,96115,71074
91662,91781,72427
91984,92646,71700
90363,91217,70810
93254,96368,72846
94284,94902,72242
96890,93334,73681
97018,91664,74732
98138,89804,78860
98576,92821,78095
99049,95205,76656
98313,95963,77233
96006,96201,77155
97461,92458,74371
98142,91935,75334
97824,91518,77419
96568,89939,74879
96501,91695,78940
95771,89739,77979
96893,90494,79354
94236,92732,81453
91305,96065,82244
89976,98699,82958
87517,102487,78639
87281,101572,78359
84373,104461,79693
82318,104309,83353
77989,110246,81114
79500,101042,85765
80400,105915,82043
81266,101954,83649
86026,99048,85341
85306,99994,83271
85093,101116,83728
87473,100269,85826
85962,98749,87263
86250,103107,86425
87582,100853,83546
89242,99900,85790
85779,101063,84183
88766,98695,86262
87150,96091,82718
87126,98806,81209
88632,100129,80168
89631,101157,82404
90192,100691,79651
90559,99741,77052
88599,99868,75185
85379,102632,75660
85225,100435,75383
86416,101981,77696
87223,102278,74711
86954,99967,74862
83049,99859,75785
81473,100228,74734
81675,97521,75690
80686,97521,74834
82370,99695,79816
83839,98452,78634
82551,96778,76583
84312,97372,75556
82196,96514,73332
81629,98158,74954
82628,97570,77079
82904,95488,75757
82343,98034,76154
80913,100278,78455
84223,100312,77678
84602,98941,77762
86514,98034,80341
85529,99742,81411
87539,100284,82755
87663,99807,80292
86570,100611,76519
88347,102725,76306
87543,104990,75813
87520,101389,75969
87314,104939,76734
85885,102489,82739
86913,98472,84172
88366,104299,82998
86856,103928,81268
87409,100058,77368
88392,102372,83707
88837,103887,82890
88869,102549,83329
85430,100645,88046
89175,95474,87003
91806,93655,86593
91610,92083,85743
94793,91311,87682
89722,93957,88803
87538,95945,86531
89212,95898,89455
87750,95459,88703
88863,96249,86883
86236,95222,85184
86421,93513,82913
85400,95095,82895
87613,96276,84768
91927,93600,86242
92415,95350,87907
94489,92501,87535
93752,94346,86635
95610,93413,87283
87094,99120,84703
89811,99808,82843
88908,98720,86387
91815,99960,85631
91208,98524,91322
92559,98933,87068
89569,96438,89347
83916,100285,88638
84974,99047,87656
85673,99784,85112
86298,100188,88328
85560,98889,94132
84865,98705,89894
82685,99810,89820
86710,101317,89132
85097,101391,87993
83575,101359,91700
84408,101984,92699
86156,103443,92795
86671,103876,93576
88657,99834,89164
88302,102562,91290
85561,107453,90634
83148,111256,87280
74318,112694,90086
74329,111332,90420
74394,108353,90241
75338,110799,88444
74115,110894,90475
73036,111802,89607
76871,111454,86834
75711,110663,84622
76665,113079,86044
73678,107940,80913
72477,110344,80233
74571,110758,77379
72898,105647,76049
71304,109029,75721
72601,111229,76045
74603,110485,76503
73739,109966,78306
76716,106568,76895
75332,109420,75260
78571,106928,74769
76885,105701,77320
77670,106367,77942
77189,104326,77589
78676,100999,75728
80288,101682,74358
81582,101054,73989
79326,103727,77919
80619,104668,75368
80962,102696,79473
83950,103045,82094
84631,103173,83908
87160,103363,82070
85411,103003,80740
86856,102609,80098
88728,102163,83260
88613,100119,83584
90506,99499,83901
89998,100721,81224
90099,97755,81571
90364,96701,79802
91659,95637,81209
95470,92683,77927
94807,93781,79518
93829,93700,78693
93659,95581,78011
93539,95779,78261
90720,93041,80298
94448,94470,82798
93533,95839,80037
94447,98877,78296
93779,98871,77937
93813,98643,75731
92801,98045,76002
93285,94945,78822
93807,94717,76743
95501,91702,75656
97123,89699,77896
95155,91703,75791
98431,91846,75237
96168,90079,76546
96755,91580,73612
98690,95771,72861
100590,98192,76740
103171,97388,78853
102518,96565,77465
101047,103081,77965
103430,98007,82299
107843,99397,84497
116574,109864,83702
117820,110592,88545
107463,106850,92661
103290,101374,93611
100755,98282,92264
97864,103852,89294
100817,103512,86259
98298,104248,89340
99455,103889,87766
96895,106064,84627
99155,104519,82885
96075,104307,84467
98987,104421,80616
96070,103916,85646
95749,105565,86006
94323,103921,86846
94293,104286,86408
91933,103748,85914
93584,101318,84305
94108,101215,80408
92994,101704,80336
93656,99295,84788
96851,97870,82500
99803,93553,80332
96961,97431,84465
97767,95511,80647
97174,96941,86822
96354,95252,79734
101767,93531,79376
94986,95896,79275
93074,97887,84859
95811,95456,81189
93707,95039,82159
95127,94541,78546
93215,98797,80730
94742,97419,82501
93688,95921,78056
90435,98306,80003
89726,97753,78344
90370,97645,81257
93798,97616,79975
93708,94220,82344
95218,95716,84439
93417,98201,83847
91833,97932,82794
91581,97428,79842
93913,95956,80085
92531,97184,81253
90497,97340,82020
92228,96835,79639
93447,99313,82641
92533,97032,83833
92916,99406,85695
91966,99907,83015
88310,99243,81508
90756,102986,84689
88581,98843,84048
83429,100900,85497
85211,99211,83437
86345,95825,86056
87204,96986,82961
90482,95268,85104
92576,90547,87960
94938,87381,85466
94226,89788,88308
98296,91834,92806
94163,100500,92653
99232,94813,88677
99230,91137,93166
98893,94392,91238
100115,97862,90846
99067,95090,92633
96030,91118,93716
94426,95193,93371
94208,96070,89160
94947,94150,90072
96926,93603,87186
94134,94163,88900
92704,96648,91990
94010,98294,90127
93281,96137,91259
93093,98108,91421
94179,94108,91274
94618,99782,93179
94389,98166,92317
95436,100600,92592
93724,99156,88928
94051,98769,87401
92515,97347,83341
92905,100333,89692
91924,95860,87949
93107,95260,87189
91865,98871,85066
94291,97460,80439
87146,98983,83616
85769,101665,86432
80787,102592,89453
83695,103802,87570
83018,107440,84097
80955,108186,82610
82270,103356,84368
84586,104555,87683
88455,102890,88898
88206,100660,88527
88949,99544,88671
90293,98395,89392
94968,96914,90001
93132,96973,85963
93753,96131,85592
95470,93153,86271
93468,96562,92889
96647,96269,90428
96277,98401,88211
92514,97588,86033
94860,97165,84935
92015,96610,89182
92183,97070,91886
94752,97770,95077
92779,101007,102345
91012,96233,93817
90324,98349,94792
85665,96696,92881
82993,96061,90028
81819,99247,87030
82474,101747,82609
82607,99036,85259
83880,98590,82967
87805,99238,81212
89890,98543,78992
89971,96376,81338
95091,90977,79061
93190,93721,77759
94324,96983,81961
93273,95978,78140
91564,98979,79765
92221,94995,80860
92429,98017,79597
93438,99928,82474
92866,98752,84645
87346,101543,88868
86683,105231,83207
91400,106176,84171
88075,105413,87315
81874,105737,90207
84296,106464,86823
82545,106933,90835
82631,105840,90650
83397,101822,90279
83322,101953,91641
81301,102833,91636
85273,104414,91941
80508,104521,93602
80501,104459,92014
81037,104566,93336
81925,105720,92751
81845,104916,94432
79863,107078,92409
79654,109190,92244
79448,108154,91569
79787,107341,88968
82806,108146,90263
88376,109173,90959
87936,105256,89873
89088,104765,88265
88092,104098,88788
86595,107201,91651
86128,109048,90750
88213,112186,91131
88827,112892,92647
89887,109851,100526
87888,108161,102254
90490,99954,92821
92675,98750,94286
94969,98803,95087
98197,96257,94650
97319,95627,94608
97788,94401,91951
97107,97234,93671
104781,92400,92080
102429,93025,91238
98498,95795,95502
99223,96245,93849
100303,96786,93801
96549,99406,100406
98244,99354,99376
97941,98904,97032
98489,97622,92720
99741,97848,90481
100665,96083,89929
101321,97991,91437
99908,95625,92051
101118,95370,89104
100748,96666,85583
101778,98773,86597
104188,95158,88382
105676,94015,88239
105644,94336,94574
103177,96646,94164
101356,95357,94874
99687,93459,92647
98836,97456,91188
97192,97462,93543
99376,99401,94778
98574,97619,94161
96685,101348,92467
96798,98561,93621
94655,101573,90475
97107,99960,88935
97155,96995,85348
98017,95224,88178
94141,95629,84596
91347,100018,83151
93289,102478,85055
91349,104554,82763
93968,98366,82846
98050,98328,85284
97732,96155,85946
94528,94677,84564
94514,95195,84726
93066,96933,79861
93815,94868,79712
96416,94230,81364
95572,95055,80904
96590,98429,82227
95962,96457,79587
95137,95534,78500
95428,94843,79631
93970,96271,81185
95301,94892,82511
98218,93819,84796
95740,96256,84457
96258,93341,83641
96700,89921,81364
98298,93039,80529
100301,91233,80172
98176,93987,83917
99534,94827,81809
97889,92106,82151
97860,91757,85018
97890,96839,85085
96934,92217,81758
96821,94172,81494
96178,91771,77393
94490,92434,81702
91991,92888,82763
92483,92909,84370
90880,93531,84262
90579,96357,87302
89464,95208,83366
89277,93889,82776
91045,94355,83824
93275,94679,81206
94009,97432,80834
95147,96443,79357
93734,96035,80206
92859,99401,80923
91873,100303,80062
92868,98929,75734
91638,97844,75810
90679,98182,79408
88184,97296,82335
89738,95304,82175
86373,97246,78549
91142,97183,75678
91468,97494,74574
92154,100087,73866
92137,97824,78352
91618,97222,79928
88717,102431,81415
90502,104425,78243
91461,103235,77429
89219,101070,80300
90930,100368,77258
90859,98867,82606
91345,98844,84747
101375,108155,103883
92972,102435,78305
95753,100632,77562
88311,105330,77275
82487,109216,86999
91080,112626,85490
84064,106752,87937
87457,102030,86698
90169,102781,88275
92375,102219,82828
89846,105988,86323
89340,103720,84399
89270,101746,82132
90481,101925,78088
90591,98972,78907
91964,97048,76462
90857,95114,72191
91233,94559,74694
88862,93576,75470
90943,93541,73477
88623,93801,75406
91743,95888,79271
87368,93485,78089
88805,93090,79556
90041,91747,78285
88874,92855,76144
90548,95182,77096
88663,99672,77458
86880,99629,79242
87731,99124,75214
87811,97076,83641
89466,96197,78674
86068,94967,76401
86991,98113,78867
85026,94152,81702
87835,94128,74380
89475,95103,75508
90189,94001,75208
92250,92296,73379
92989,91143,75419
94280,91551,77674
93021,92618,74771
93477,96592,72119
96245,97030,74785
90854,98092,79567
87863,96034,77964
84190,95377,83976
85671,97059,82542
83578,98965,83749
81207,95953,83165
83429,95626,82172
82603,98128,82210
87747,97061,74058
90148,97819,73391
87961,101309,72623
91524,98545,72152
93139,94446,69004
93514,93441,73264
92995,95799,73471
92227,99810,75069
94035,99395,75733
96185,95829,76445
95197,92807,71799
95763,94418,73344
97867,94714,77029
96904,96667,78880
94251,97338,79694
94081,99647,77329
95230,98050,77165
95866,97023,79387
91587,103078,84642
91501,102356,86815
92512,103703,87847
92862,105981,87281
95827,101488,87473
97756,102964,87528
102030,102381,89432
107389,105782,92186
106001,106857,94687
98756,102647,97843
98175,94424,84204
92847,95637,85774
93638,96226,86269
92629,96831,85754
93546,95268,82277
93697,91699,85640
95957,94522,90733
94075,90729,85240
92668,91007,92503
93226,91214,90890
92787,91962,86279
96053,94614,87407
95718,95615,86204
95071,97068,84241
95109,94032,85332
96070,94204,86432
96568,93042,85044
95913,92544,84404
94666,94567,83953
92626,96676,81308
94859,94645,82915
95340,93881,82856
93053,93993,81430
96284,91235,82712
95045,89066,81067
96745,90211,82178
95598,89956,81759
95659,90663,80125
95214,90883,79814
98007,90847,78450
100759,90659,78807
100427,86551,74095
99303,90769,78701
98397,91199,77629
98169,88927,73836
98003,89890,72852
97939,87088,70118
94245,91494,70433
93578,90820,67652
92605,92249,72925
93957,93388,70070
91450,95064,69298
91752,94669,65477
90189,94454,71082
92157,94123,74903
89877,95844,79164
88867,94495,82657
92511,93377,81877
91048,94331,83614
89039,95912,82463
81896,93902,79783
82550,100296,77660
85119,97350,79691
84500,98761,76149
88408,100251,77601
89144,98136,77695
90264,97243,76627
88913,94416,83042
88700,97303,77452
92901,95516,79595
90489,93614,77815
88771,93933,78790
88041,95263,75540
88476,95294,75301
90367,94785,72521
90481,95309,70058
92589,94423,72447
88686,93999,69088
88633,97411,71256
83818,98969,76190
83966,99742,72519
85802,102375,72280
82140,107682,77382
75750,115549,81971
78241,117105,84822
80705,113866,87625
77856,117259,86505
81118,113004,93738
78179,111650,94107
78287,108528,95075
78852,111369,94187
78557,106670,93306
78718,111442,91497
80781,107881,93719
76085,106523,88302
80719,107493,87330
80642,107196,89332
80779,108208,86850
80193,109669,87383
80425,111265,82397
80119,111050,83338
80582,109051,86873
81666,104717,85416
81463,106923,85761
80820,108113,87186
84968,105216,86765
86117,105191,82125
87399,106433,83855
84279,104335,86889
82450,106686,86483
83324,105285,81373
85587,105364,82104
82581,101327,84721
80880,103058,83919
81422,103905,84717
78796,105613,82010
77604,106187,83761
75677,106453,83018
74457,107514,81913
74094,107122,82768
75152,108583,77856
78012,106309,77053
81913,104216,75774
82197,104557,76394
80086,106516,77052
77896,107814,78241
78526,106471,77538
78605,108225,77445
80554,102826,79803
81165,103236,83264
80704,99035,84871
83105,99656,80072
85644,100678,77700
86325,98612,77681
88139,99140,81310
86461,101699,75659
86341,100971,72982
88069,101171,69914
88874,91531,69841
89828,96988,71957
93323,94874,71578
92642,93170,74205
95961,96563,74086
95490,96002,76628
97589,97974,80548
101773,102439,83144
106990,108467,87051
105521,106975,85348
100604,104496,79766
98593,102564,79060
95865,97465,78950
93705,97008,79413
94296,99691,78429
93500,97946,77524
91387,97478,78450
90111,99031,79185
88025,97062,79697
87996,98292,78618
89758,96848,82001
88861,95496,77814
91445,94609,76728
91630,95633,77442
93120,96664,76448
89607,97565,78449
89555,95367,76742
89231,95568,80274
87374,96698,82109
89258,95612,76906
91125,97141,77718
89421,97570,78744
86531,98233,79180
88330,97110,75874
88448,101072,79625
85796,99748,81559
85684,101804,80491
87310,99338,82730
86763,98799,82878
86910,97308,83987
87182,97172,83510
88951,97839,83263
89930,99593,80059
88051,97644,77093
87445,98968,82844
89881,98351,84006
90309,101521,82928
90738,103332,77609
93454,100932,78983
91122,102295,83789
90870,105300,87901
91780,106210,82353
90537,107557,86467
85045,110658,92009
81942,108965,93009
81511,109036,88084
83923,108575,91063
84962,110784,89421
87462,110268,88248
84572,108228,85467
89244,107582,88477
87820,106605,87156
86173,106753,88751
88637,104782,85499
86603,103851,85760
84973,105555,85233
86536,105324,81192
87312,101591,78148
83852,101782,80989
86767,99499,82171
87879,101032,78438
97601,105825,80807
85646,107332,83976
83181,110383,88187
84141,106358,84699
80534,111016,82895
76883,118616,91441
77496,118974,90764
79876,117209,84361
80024,118549,83518
81133,116496,87654
83974,117007,81792
82792,111357,76710
80743,110506,77675
79631,109090,80885
80806,108639,81685
79105,103503,78515
78509,99543,79013
79178,97813,84129
83109,97952,82170
85244,99398,82824
88390,97149,84679
89637,94335,79083
90221,95316,77223
88547,97730,75760
91372,96910,75452
90458,94507,75880
93680,91042,70983
95043,95157,74579
95391,93253,70583
93102,95354,74955
92094,91861,71537
92891,93740,69481
96140,93350,70059
93718,91787,73580
91429,90328,70689
93230,91278,70303
94491,90798,75476
92795,87389,72759
91753,89838,76553
94293,91170,74670
92444,92819,70836
90385,91575,73635
94008,89944,72669
93028,88851,73159
91125,90936,79686
92653,91539,77843
90894,90681,76659
92235,94207,76556
94445,93006,72781
93655,95060,74380
93367,94061,74476
95729,91401,72276
95052,91584,73118
95751,91844,74278
95411,92175,74357
93734,91494,73105
93650,93262,73161
93595,93163,70943
94216,95573,73455
95004,97354,74877
94850,95108,74460
94317,92343,71590
93913,94088,69949
96071,95958,69832
95206,97519,75024
95657,96271,77749
96435,96407,79873
98712,96395,83393
104709,109103,88490
110605,114412,90592
101027,101750,85135
96360,96389,87050
91395,95264,81254
92746,92679,82291
96937,92970,80402
95175,95390,80631
97525,91974,83218
96330,91485,81445
94162,91154,83316
95142,92071,83404
96768,89347,84152
95559,89717,82302
98085,88099,80550
98336,91304,78824
100916,87538,82386
98483,85557,76972
98225,84342,74972
97830,84296,78475
94421,90237,79410
96012,89137,79772
95663,90068,79298
92783,96405,83356
91463,100739,87439
96203,90501,81449
93395,94061,80174
93031,92292,77083
91418,95588,78811
95595,92391,78392
96183,93016,79356
98172,90991,79597
97528,87037,82886
99664,83935,85303
99561,80025,83537
97415,82745,83185
98474,80820,84933
98482,81151,86928
97004,81408,83848
97173,81178,81189
97133,86325,84046
96526,85875,83506
99326,84215,82138
98779,80297,82654
99739,80951,83311
100293,79451,83021
98568,79325,83346
99684,81355,81861
96451,83356,83942
97937,83622,77712
101340,81658,75423
100175,88452,75824
99456,89573,76506
91799,94217,82861
91056,99481,84603
93639,91178,81072
96108,88725,80544
94709,88513,80374
92163,89252,79321
97435,90180,82039
96773,90936,78453
93912,93013,82414
96216,88190,87322
95129,91769,86147
96229,92299,85172
97594,92292,78451
95584,92293,79710
94991,93111,81231
95667,90272,79737
95068,92422,78791
95872,91581,76002
97099,93477,74758
96184,95026,75939
96842,93915,73778
95050,95680,76160
94131,97798,76596
93128,96976,73487
93773,95405,73721
94011,100465,75511
95820,98375,73007
95321,96979,76405
97719,94102,78829
95565,93823,79217
97372,94995,83486
95512,92582,84128
96938,91362,82965
98851,93329,83650
95827,94554,82161
93425,96476,78254
95008,91311,81349
94106,93503,82290
94066,90723,80449
92426,90701,86139
86579,90427,87170
89865,92169,82534
89575,94619,82475
87902,92956,82850
88601,93412,79834
90786,93636,83468
90773,94828,78235
90453,94552,75447
94885,93038,72648
92291,93793,76252
94242,92115,77841
93069,93429,77732
88813,96566,73876
93238,95883,78251
94256,95574,72714
88957,99054,72130
89832,96382,71157
86830,99225,71319
89359,99574,75287
89055,98943,79218
90193,96331,78414
89160,96563,77855
91792,98027,80544
90507,102206,80621
92010,97401,76594
92066,98536,74879
87679,99971,75810
89551,96974,73827
88622,99165,77446
87347,100710,81188
87900,99010,78510
85828,100610,76750
84876,101552,78258
83174,102633,79794
83712,105456,78963
85151,105076,83516
82275,108244,83176
83948,107590,85342
81747,107026,85038
82524,107490,86979
85416,106800,83331
87369,106902,86617
91667,109499,85418
92139,106080,86175
91240,108301,87653
89826,109158,85587
90502,106596,86338
90856,104153,82338
92813,104008,80880
91443,102974,78063
91896,104522,83472
89696,102056,88018
91084,103808,88372
91206,107396,88035
92574,103995,87832
88425,102907,90706
87835,99022,92219
89327,105337,94193
86863,105912,89997
87154,107844,86031
89704,105934,88641
91292,108332,88214
86821,109339,89921
89320,110400,90844
86081,111230,93693
84908,112166,90965
85991,112614,91566
85653,112168,90601
83245,109853,89555
85331,110461,87166
84784,110903,86990
84794,110968,85687
84803,108749,85369
86709,109776,85229
82540,112179,84288
89053,105123,85164
90971,103211,84379
91074,106281,85741
89720,104936,85175
95126,105685,84667
93916,107894,84263
92479,110284,84127
95855,115859,82691
91817,109368,80044
98678,113409,81811
99098,110054,78943
102373,105868,79111
102696,109299,73484
99000,103366,71742
92878,97660,69844
92116,100086,76595
90714,103985,79554
89867,102598,76279
89154,102679,76681
88986,98938,77431
88025,98346,75457
86784,98600,77249
88369,99531,82716
86850,100844,81240
91133,102480,82919
89178,103262,87896
87794,105311,85526
91333,108714,85051
94072,106055,81806
95446,107188,79973
94573,108168,79972
96159,110903,83076
95522,113071,82736
97691,112929,86515
101416,112156,83806
95212,105122,77792
92986,103262,81712
95139,99575,82102
94202,99871,77207
93204,97740,86210
88081,101519,87672
92103,101018,86856
89189,100852,80402
90624,103810,80209
92723,106937,85580
92358,109358,84081
94372,107747,86527
92907,108981,86038
92460,105542,81101
96331,105822,80849
96155,104620,84927
104832,106770,85080
98792,106671,82669
102136,100353,82839
93851,97799,86396
92904,95958,87253
92294,96871,78866
94709,94067,73050
91345,96983,74799
92336,94060,73057
91995,94427,72704
92235,93789,73924
91221,93143,77726
91589,89514,76229
91336,94446,81633
91288,94882,78653
91265,92530,78664
93728,93434,77239
96191,95226,79092
94954,91497,78155
95963,94337,78946
95916,89810,80094
98350,89093,81208
92510,90458,85203
92588,87047,85374
91155,91501,83176
92573,91258,84742
95415,87875,83443
95681,89746,80341
93166,88566,77025
97604,88086,80318
95740,89192,83729
96385,85572,83552
97493,88383,81318
98062,89875,83353
96708,90615,84810
94589,88260,83803
97444,89945,84176
97084,89195,86918
96227,86388,83963
98610,86486,78581
97609,89599,78354
98806,92453,78557
96210,87740,74809
98612,85564,77815
96625,85408,78116
96457,86368,75832
98178,89350,75984
94367,89547,78964
99679,91134,76733
100001,91321,78495
98588,91805,77581
96752,91267,77640
97470,92817,77400
97059,95114,85501
108075,105200,92964
85061,106947,104513
87241,107115,92495
89979,104418,88632
87961,103687,89659
87099,104835,91733
87448,105766,98539
87049,107727,98173
86454,105627,94587
91266,101787,93368
92272,96022,91644
94124,94983,91968
94699,93579,83270
93051,95220,86962
94466,95954,89654
97062,93643,90275
97405,94908,88667
95780,92480,87120
94174,94184,88142
95767,92614,87674
97738,92466,87543
101168,91709,89941
101189,89092,86999
100439,91434,91724
98451,93688,87355
97639,92216,86872
97864,92343,88104
97233,92160,87894
97030,91229,88396
98693,91666,84566
96803,92752,86846
97926,93867,83190
99421,92106,82893
98679,95152,86633
97995,95560,90369
97310,93875,88680
97500,92371,88967
94322,92603,83491
94593,93921,87259
95483,92962,84756
96506,93329,87109
97657,92823,86557
96870,96528,85346
97363,94351,90383
97160,95069,87656
95707,98142,88124
100809,96035,86078
97042,95751,85562
96434,94971,84777
97009,94744,88068
98310,97599,84027
98041,96921,85199
96899,97035,83136
94081,102681,82970
94878,102479,85184
95248,101896,83726
96112,102507,82165
98772,103059,80150
86722,99664,79792
89132,98676,79835
92044,97139,83564
87214,100288,80055
83087,103594,80537
82680,102065,83231
74848,112146,83461
73569,111253,79436
74196,109651,78280
74307,111572,75638
75686,107105,78631
74161,111461,76960
77753,113509,78201
74944,113122,78285
76051,113135,83468
76485,114318,80012
76098,110200,73152
73323,112062,75469
75914,114236,72184
76298,112662,73869
75040,113791,78263
75676,108949,81602
75665,111362,89251
74832,110058,85909
73776,109970,86441
72774,113478,87500
75884,104323,84301
77995,107971,85237
78542,105054,84375
77514,105214,84550
77811,105348,80563
79000,107839,85662
77751,110971,87075
75563,106157,84239
76205,108121,79232
79390,111090,82787
77296,113340,80374
79830,109350,79428
78363,110208,79239
77439,111073,79579
79425,113728,81885
78818,110467,81884
80151,108096,80552
73933,115641,86587
77078,114500,84853
75213,111335,84834
77729,116949,87136
78256,116462,86143
78325,114937,88048
77916,111350,90410
76250,113389,81101
76954,111999,79968
77053,108227,80753
75447,107370,81082
78848,105202,75658
79693,106227,79672
77049,106560,83802
78528,109713,82166
82847,106828,78501
79621,107505,79930
76624,112054,79688
78696,109392,79917
78267,108361,81852
79580,107298,86096
82530,109888,82057
84898,109563,79282
85619,111677,79301
82590,108685,84270
78580,106540,81372
81290,105551,80373
79612,106415,76230
81079,104937,84088
79906,106205,78225
79271,104708,79079
79653,105506,80463
81876,106270,82046
83217,99999,85689
82110,105465,85544
81491,107892,79289
79516,109002,81559
79624,106249,82385
79736,107179,86407
79473,105970,84500
80857,105242,86433
80212,105920,91033
81815,105510,90021
78743,111850,93887
78982,111310,95243
78244,112337,95808
81051,112092,94325
79775,112432,96047
79169,108476,96690
81712,106299,91210
82691,106456,90762
82336,107163,90255
82438,107126,92404
83770,106392,92342
81644,105490,91540
81249,103585,89175
82798,107003,94301
83115,103530,91044
82307,104863,91603
79390,100169,91092
82402,102250,91056
84988,107212,88355
82946,106212,91640
80774,110597,89880
81891,111690,87458
75790,110973,90894
81647,109236,88806
81369,108261,88899
80259,105954,90232
81287,105285,90215
80131,104589,86295
80843,105493,89859
84003,103764,91847
83422,104244,89287
84458,103679,91487
83548,103576,91874
80722,105927,90831
80217,102316,91373
81091,100467,89484
84910,100621,86675
81776,104441,87805
78827,102074,86342
81551,105403,91585
82010,102029,89918
83311,103202,84311
84970,106897,81960
86105,104718,82889
85198,104209,82535
81138,111834,92376
80516,113485,89152
80381,113776,88757
83921,111454,89650
78373,109737,81036
78634,107397,85210
77232,106337,87276
75419,110982,83584
76008,108765,86357
79982,103331,84212
79808,104014,85834
79392,103858,87820
80436,101984,86667
79719,103557,85020
81494,99224,81890
81404,98969,82264
83144,99998,81276
82501,98956,82816
81414,99272,84978
81556,98650,86292
82921,100177,85720
83731,101409,85345
81976,100142,85562
85234,100747,85362
87079,98018,84041
87318,100357,82521
85192,102703,81480
85637,98801,80991
87754,96544,85535
88509,96801,90140
88418,96029,87754
86465,97737,86270
88567,99236,77582
85119,98299,79028
83791,102819,81659
84711,103007,80689
82698,105382,79748
84605,101118,79392
82980,101909,77680
82711,102803,78163
82518,103368,78987
83888,103107,78631
83224,103885,81589
84955,103734,80939
82352,108406,81529
82452,107418,81193
84215,106372,84876
81071,106853,84586
82840,108317,84470
82930,107324,83455
84603,106526,81053
81587,106578,81152
80267,107497,84214
83541,106486,84915
81734,105862,82868
82665,105278,81027
81600,106586,83488
81310,111156,81399
82053,105671,78616
84509,104917,78750
79086,108865,78612
79409,111602,83189
79666,110077,82779
82104,109078,82722
81909,109431,82899
81678,106095,82547
84423,102603,83869
86883,101987,83046
84788,103348,80233
85818,103919,82967
85089,99268,82899
84436,100797,81820
87905,100489,84875
87974,100836,82868
88980,100861,83511
86395,104377,79756
87595,106173,81705
87862,106311,79132
89948,103586,77243
85762,103447,82011
85290,105293,81793
84919,102502,80507
85183,101997,79178
84288,102008,80657
82502,102589,77583
82994,105754,86113
84620,104128,81805
85107,106017,85204
84126,105880,86579
85682,105845,87559
78551,102897,90356
83593,101820,90616
84334,104076,85557
86186,101015,85012
87394,100564,84299
84857,101774,89484
82736,105463,93088
81569,108749,90272
79194,104274,88645
81224,103834,89152
81477,102413,81425
82348,100683,85735
82661,100949,87476
84421,100004,83438
84628,99884,84705
85314,101464,85518
83689,102407,81886
83646,100972,83758
80424,99151,81631
80586,104163,85057
81477,102456,85910
79246,102029,83617
81284,101628,83991
80766,99491,83818
81828,100050,83244
80561,99811,82255
77966,101640,79983
80194,99546,78461
78476,99127,80076
77390,100487,80671
80079,101766,76952
81232,103723,77313
81113,100796,79641
80513,101425,78999
82598,103238,85255
83045,105654,84330
81128,107287,82035
82495,101078,80017
80627,99233,81637
80021,103127,81365
81464,101684,84832
84313,99374,87539
82867,99730,89625
81397,103563,93006
79956,109901,94806
80426,107279,91466
79967,108763,89934
81600,105657,87252
76575,106105,92850
79606,106638,95716
77924,110368,93453
77800,115385,88654
80229,112718,94112
79728,112148,97984
78991,107229,97916
80363,107163,95593
78200,113509,94501
79992,111990,97650
83984,111085,95858
80711,113949,92652
83771,111251,88737
85733,111905,90624
81146,114140,86588
78047,114024,98306
81107,122446,92288
80640,121938,95305
76305,119863,99190
77587,122999,99232
79489,116244,96937
79174,115569,96913
79787,119124,99142
82788,113459,97483
80510,114855,94545
84721,112662,99840
85442,110214,96905
79527,118331,99114
81547,116255,99121
80760,114568,96677
79872,118825,98456
80367,120361,95580
80872,117126,92546
76267,118305,94705
80580,111868,93006
81517,118475,102288
82454,120073,104922
80300,119064,104686
80935,117729,109457
76163,118835,105997
73732,118070,103327
75601,122834,101396
78923,121384,102075
77782,121031,97395
79592,118908,97520
77779,118737,95647
79502,118352,101429
80845,114941,104393
79528,117406,101962
78557,117164,99426
78877,112675,97948
78324,112082,99723
78661,111135,96042
79125,111409,94002
81812,108682,91361
76987,106097,90425
81590,105999,92280
78842,106711,88782
82120,114663,87935
77771,120029,90197
77891,121771,94261
76740,123180,99144
79450,122293,96049
78929,121727,95951
78980,118629,93540
80077,114250,85812
77899,114225,91871
75995,113684,93965
75442,114006,90852
77493,112320,90052
75268,109991,88449
73682,107830,82082
73745,105077,83226
73943,108736,85077
75524,108414,85627
76411,105166,87287
77178,104349,82496
80180,105010,84437
80002,103946,84076
82680,103043,81986
83641,102100,84220
84330,100757,86878
83163,101993,79829
83822,102249,84160
85017,102623,83378
88867,101426,88514
93507,111649,81574
94950,116475,84566
82429,108090,87751
85323,110208,89937
83787,112665,86505
83277,111848,83579
78743,117355,83254
75103,107272,81132
80657,106120,82725
81525,102936,76635
82859,100003,79541
81203,98146,79529
84611,95281,85160
84643,95615,86253
84861,95115,86513
80705,96914,83906
81854,102570,82238
82355,105089,84573
83670,106670,82011
83330,111037,83662
84903,114384,83192
83565,111150,83250
82888,108203,81393
82837,105864,85126
81820,106307,83021
80077,108961,84468
83160,106778,85538
83022,110967,81204
84128,107319,82699
84136,106751,79249
83016,107067,79910
82397,106227,82910
85331,105950,85755
81857,107293,85581
78053,107324,83320
80180,106058,79331
81274,107861,84150
77394,112710,80270
77341,111552,83562
80893,106337,80022
81610,102580,78569
83280,100454,75515
84483,100614,77328
81476,100205,78544
81679,101867,79536
79855,104900,76000
78414,105520,79124
83308,111024,87078
80210,112458,89373
80704,111372,83951
78999,109656,86004
82367,106658,83832
80671,112944,87932
77646,112996,79185
76122,120817,86589
78873,114947,88061
74084,120432,93009
71127,116989,87996
77582,107744,83437
76590,108212,79711
75380,110846,80442
74167,106176,79818
75900,108015,78330
74737,111271,80764
74643,115451,86569
79306,113466,87366
76129,117251,87830
77611,114331,81784
77790,114229,82196
75341,115724,80463
79605,114081,86652
79567,111601,83407
77581,114923,79610
80792,111061,82819
78684,108868,82941
78884,110686,81335
82298,111091,83966
85655,109542,79521
85338,108674,82120
89019,112231,79047
83808,110864,78686
86672,107239,83855
88215,102935,80238
90615,100653,82999
88866,96358,74484
92902,93616,75821
92419,97874,84019
93850,95637,75835
92176,101358,76407
89649,100486,72447
87051,99666,73288
77471,105479,82875
75939,105933,84274
77876,103149,83119
74143,108218,80213
76669,109351,83147
75107,107875,87409
75110,107741,88415
76230,109624,92528
71735,110240,86838
76408,109907,86349
77627,110879,88821
79110,108553,91218
76628,106240,91798
74414,106687,92241
74297,107764,95082
75249,110128,91378
72516,108816,91865
76843,106431,96146
76999,107359,93506
71771,110916,90132
72245,109221,92366
73438,109658,90294
75913,107075,89943
74955,110708,89915
75362,110618,89513
78425,107113,92003
76797,105473,91483
81283,106869,90968
80960,105093,89729
79322,105881,93408
79061,109028,88442
78695,111226,90760
77120,111425,94341
77007,110800,92301
76896,109307,92576
77270,105493,90249
78181,109996,92203
81990,104942,91428
79320,105003,90570
79604,107176,88802
80915,103989,87779
79536,103566,91976
80760,103171,91781
80498,103867,90015
81836,104811,88003
79731,102885,82419
80847,104359,83636
77787,103800,81215
81112,101528,78281
79406,100235,79473
78203,98814,82237
79184,100148,78710
78146,104889,80862
77652,107114,85799
75434,111586,88773
76084,111813,86703
75106,112704,88112
76112,111056,89424
75063,108678,90754
77712,105748,90388
75903,108086,89218
77843,107731,87794
77542,107732,89452
79252,101995,90370
82874,99758,85618
84969,99897,84665
79455,100419,88919
81384,101201,93723
83828,100599,92979
84642,101703,92759
84790,103791,92841
84190,101785,92265
85687,99472,91755
87647,97130,91709
85948,100500,93476
83897,98874,92850
84005,97600,92136
85454,99218,90350
81329,97916,90174
82663,94167,90963
84098,97523,93903
84029,97044,88510
83775,96602,90457
85428,96638,89526
83778,96023,89976
82094,97932,86938
84697,94248,86223
84057,95187,86170
81248,97324,86331
82433,98666,87572
81736,100274,87788
85108,99440,91123
83215,98774,84964
81856,94668,83315
83301,97842,87976
85610,99499,87909
90223,103179,89239
94533,109719,101827
88932,107104,103085
95205,105481,102534
99339,100094,106917
98229,99378,107090
101497,104186,100673
99321,108016,96984
106957,114039,99505
107603,116455,97501
107053,120633,101205
106394,119279,105563
105161,119650,105088
110679,117505,111766
111179,109966,107542
101297,99694,99316
98058,97656,94570
97333,97636,93774
95300,96249,95178
90888,101289,94000
88540,100223,93474
86945,103684,90514
79312,103561,89310
78243,100812,88130
78541,104359,90324
82152,99901,87977
83889,97495,87449
85003,100743,86770
85367,104527,86264
87246,104926,84492
87658,103976,83016
88020,104512,78805
94556,104132,76831
98855,104112,81871
98202,102555,92742
97643,105084,91360
95756,101532,93398
93029,97021,92520
93916,98199,95933
95082,104074,83859
96071,106272,94254
78664,110476,117289
