99834,87074,87201
99552,86654,86994
99541,86759,86479
98865,86419,87151
98860,86814,87254
99291,86604,87494
98995,85787,87449
99150,85977,87740
98634,86097,87761
98831,86232,87591
99325,85812,87394
99003,86069,86981
99398,86013,86913
99506,86266,86602
99462,86579,86803
99669,85893,86894
100343,85957,87725
100736,86386,87688
100650,86640,87626
100887,86825,87169
100840,87172,86774
100315,87774,87140
100359,88107,87193
100352,88396,87402
100144,88634,87136
99797,88572,86944
100200,89099,87349
99997,89926,87078
99342,90322,86733
100204,90032,87182
100596,90135,86901
100628,89674,87235
100519,90201,86930
100074,90358,86286
99939,90255,86395
99952,90116,86897
99539,90199,86870
98837,90060,86467
98862,89743,86911
98485,89328,87016
98864,89806,86749
99131,89594,86181
99238,89793,86308
99368,90138,86659
99299,90017,86854
99258,89957,87443
99331,90269,87506
99655,89819,87409
100134,90100,87865
100219,89997,87622
100168,90250,87374
99755,90611,87439
99248,90766,87615
99232,90912,87442
99351,90614,87277
99088,90762,87466
98832,91058,87771
98174,91273,87297
97877,90792,87358
98410,91029,87631
98710,91257,87475
98552,91828,86917
98305,91576,86792
98019,91589,86575
97842,92195,86808
98121,91691,87085
97881,91805,86284
97837,91675,86963
97833,91847,86384
98059,92734,86251
98305,92723,86489
98365,92353,85596
98793,92493,85900
98702,92466,86207
98099,92248,85620
97885,92200,85175
98040,92632,85960
98378,92923,85785
98449,93270,85882
98310,93318,85512
98595,93459,85142
98194,94499,84439
98824,93974,84944
99266,93577,85419
99957,93941,85315
100024,94154,85252
100099,94387,84587
100597,94499,84866
100953,94214,84869
100496,94127,85593
100707,94455,85675
100441,94505,85764
100514,94467,85680
100149,94589,85295
99923,94975,85699
99793,95446,85154
99688,94974,85523
99266,94883,85487
98871,95178,85963
99226,95483,85385
98625,94889,84318
99235,95122,83692
98590,95275,83775
98781,95488,83590
98722,95208,83595
98468,95183,83814
97654,95140,83858
97921,95352,83958
97715,95227,84249
98191,95392,83968
98038,96313,83786
98535,96270,83799
98505,96687,83952
98181,96400,83242
97605,96697,83125
96080,96770,83109
96236,96994,83099
96178,96481,82687
96266,95739,81982
96845,95429,81549
96921,95223,81571
96514,94818,81534
95975,94614,81030
96276,95064,81345
96210,95402,81432
96594,95360,81779
95895,95479,82262
95768,95803,81930
95379,94897,81452
95146,95336,81091
95654,94718,80570
95567,94927,80484
96055,94706,80515
95944,94890,80149
95250,95574,79646
95136,95144,80313
94875,94339,80990
94662,95033,80981
94862,95160,80955
94340,94864,80875
94351,95017,81085
94238,95126,81015
94795,95551,80651
94999,95727,80295
94716,95470,79746
94852,96254,79388
94800,96568,79170
95232,96926,79115
95274,97097,79291
95238,97270,79002
95113,96647,78467
95242,96736,78052
95291,96748,78170
95561,96974,78010
95913,97048,77690
95819,96775,77227
96417,97013,77301
96511,97142,77345
96067,97375,77625
96630,97338,78224
96391,97169,77594
96595,97230,77806
96805,96856,77838
96523,96949,77927
96069,97074,77623
96195,96993,77451
96252,97318,77459
96389,97537,77425
96785,97583,77457
97100,97409,77227
96542,97488,76938
96505,97457,76713
97023,97459,76810
97068,97552,77211
97162,97153,77367
96811,98032,76767
96984,98815,77244
96926,98324,77261
97251,98314,77100
97586,98236,76819
97275,97963,77004
96845,98110,76845
96916,98230,76684
96898,98442,76821
96984,98495,76727
97326,98094,77068
96657,97968,76882
96372,98698,76728
96040,98781,77289
96666,98976,77566
97403,99410,77859
97125,99415,77884
97112,99382,77862
96779,98565,77918
97034,98877,78434
97123,98606,79226
96691,98246,79301
96980,97700,79605
97039,97837,79806
96856,97414,80650
97164,97912,80384
97362,98358,79888
97105,98444,79555
97181,98385,79451
96982,97849,79707
97203,96979,79675
97259,97226,80126
97400,96964,80014
97914,97352,79775
97863,97163,79166
98374,96748,79215
98170,96201,79193
97853,95557,78796
97711,95416,78678
98335,95182,78673
98231,94786,78901
98364,94824,78957
98587,94374,79006
98952,93552,78737
98980,93204,78952
98488,93030,79696
99231,93204,80061
99209,93622,79841
99001,94283,79322
99144,94136,78756
98978,94045,79464
99437,93803,79569
99654,93703,79397
100749,93560,79495
100747,93644,79432
100829,93259,79499
100445,93499,80110
100023,93425,80929
100268,93292,81022
100253,93102,80829
99994,92755,81068
100067,93804,80983
99992,94238,81069
99167,94472,81363
99902,94672,81384
100031,94928,81890
99699,95030,80976
99944,94539,80533
99405,94335,80668
99680,94396,80785
99828,94445,80583
99893,94269,80006
99677,94380,79562
100022,94255,79797
100204,94590,79629
99732,94273,79386
100036,94655,79489
100450,94736,80167
100568,94783,80361
100814,94748,80374
100896,94484,80084
100435,93811,80033
100365,93885,79410
100671,93819,79314
100549,93560,79908
100515,93942,79592
100625,94052,79215
100861,94175,79240
101003,93782,80101
100630,93603,80052
101175,93982,79591
101890,94286,79340
101564,94343,79134
101015,94106,79089
100609,94540,78544
101204,94502,79449
101071,94727,80061
100616,94705,79936
100696,94153,80026
101365,94364,80020
101067,93708,80320
101245,93651,80132
101487,93923,80085
101937,94328,79907
101894,94034,79453
101360,94107,80205
101193,93694,80010
101396,94123,79814
101394,94115,79954
101626,94557,80145
101367,94472,80167
101378,94523,80349
101635,94098,80766
102141,93411,80429
102138,92898,80937
102274,92782,81313
102394,93262,81963
101898,92651,82444
102209,93078,82830
102526,92823,82666
102509,92724,82411
102843,92697,82253
102741,92585,82449
103413,92629,82506
103343,93174,82595
103443,93297,82568
103363,93668,82609
103320,93076,82333
102953,93366,82440
103128,92870,82242
103534,93187,82522
103153,93309,82876
103566,93338,82720
103520,94008,82940
103791,94093,83124
104302,94085,82404
103816,94135,82221
103263,93907,81816
102764,94106,81522
102592,94018,81616
102661,94142,81284
102688,93941,80799
102731,93757,80748
102507,93379,81194
102657,93238,81183
102881,93426,80839
103371,94022,80910
103433,93879,80493
103433,94072,79917
103179,93498,79872
103090,92785,79879
102718,92585,79780
102315,92436,79744
102383,91779,80190
101921,91394,80614
101803,91605,80089
101345,91930,80152
101825,91857,80325
101523,91606,79973
101574,92041,79603
101699,91488,79898
102009,91515,79809
102098,91587,80074
102048,91411,79243
102217,92472,79853
101789,91810,79618
101992,91652,79566
102097,91863,79664
102158,91475,80036
102325,91439,80085
102187,91853,80525
102537,91840,81007
103024,92121,80918
102324,91918,81520
102494,91529,81499
102418,91579,82126
102787,91709,82869
102735,91966,83056
102724,92403,83373
102377,92728,83577
102596,92607,83504
102944,92350,83762
102834,92299,84287
102978,92877,84253
102434,93623,84112
102986,94056,84269
102595,94128,83794
102816,93803,83861
102800,93544,83591
102966,93871,83124
102734,93981,83102
101974,94082,83346
102333,94457,83245
102243,94168,83067
102303,93658,82991
102709,93622,82464
102730,93990,82186
102838,94327,81743
102755,94201,81900
102730,94161,81437
102429,93826,80808
103061,93580,80230
102841,92695,80399
102683,92638,80460
102871,92279,79971
103069,92446,79493
103428,91504,79717
103850,91411,80213
103756,91621,80166
103999,91608,80003
104297,91736,79695
103900,91758,80143
103836,91895,80270
103820,92319,80256
102898,91968,80217
102849,92025,80256
102515,92382,80115
102550,92613,79996
102723,92606,80323
103208,92197,80342
103329,93219,79808
103179,93349,79647
102407,93424,79338
102802,93165,79687
103174,92874,79579
103306,93081,79971
103304,92383,79564
102730,92528,79836
102249,92538,80218
102093,92237,80333
102549,92163,80273
103141,92552,80321
102998,92541,80114
102694,92505,80492
102178,92656,80550
102447,92675,81014
102533,92478,81149
102213,92810,81360
102318,92736,80750
102397,92899,81084
102356,92641,81304
102364,93045,81875
102301,93036,81983
102551,93542,81439
102759,93283,81179
102513,92999,81097
102241,92952,81422
101752,93148,81859
101426,93868,81564
101358,93779,82291
100894,93923,82214
100739,93257,81917
100981,92834,81915
100192,92593,81719
100430,92390,81905
100476,91437,82315
100816,91631,81480
101068,90916,80896
101041,90695,80972
100416,90765,80370
100439,90258,80132
100867,90115,80201
101056,90272,80041
101089,89540,80302
100410,89847,80311
100512,89118,80596
100649,89299,80333
99930,89452,80329
100123,89547,79706
99767,89585,79524
100111,89771,79603
100755,89690,79998
100935,89883,80312
101597,89365,79949
102247,89208,79918
102426,89595,79903
102646,89418,79989
102566,89889,79780
102182,90187,80101
101613,89690,79806
102069,89017,79685
101953,89236,79563
101880,89039,79422
102095,88559,79551
101279,88726,79811
100870,88329,80013
101077,88269,80074
100974,88212,79877
101178,88477,79844
101735,88148,79497
101913,87846,79057
101730,87891,78873
102451,87789,78539
102700,87524,78210
102980,87961,78505
103594,87809,78998
103137,87808,79185
103054,87245,79171
103356,87361,78875
103528,88082,79120
103869,88336,79309
103878,88991,79423
104185,89118,79514
104251,89525,78693
104557,89944,79216
104594,89983,79146
105041,89561,79481
105266,89012,79615
104954,88925,79298
105239,88918,79258
105728,88862,78723
105559,89005,78998
105515,89192,79159
105717,88541,78555
105982,88612,77659
104857,88108,77788
105388,88000,77756
105358,89001,77881
105446,89056,77777
105742,88698,77947
105036,88700,78002
105331,89113,78366
104708,89172,78626
104804,88850,78286
104392,88912,78198
104747,89209,78616
104844,89229,78032
104381,89127,78474
104384,88762,78815
104187,88503,78901
104550,88444,79260
105163,88397,79338
105263,89082,79040
105154,88484,79289
105230,88395,79004
105060,88307,79107
105153,88419,78337
104958,88337,78752
105019,88397,78844
104630,88750,79065
104394,88300,78887
104828,88723,79407
104787,88727,79354
104222,88852,79976
104288,88893,79912
104518,88072,80026
104723,88111,79957
105313,88516,79964
105260,88559,80213
106321,88832,79908
106292,88297,79470
106715,88226,79191
106829,88381,79281
107190,88240,79384
107213,88309,79215
107016,88004,79776
107039,87420,79769
106546,87417,79874
106395,86846,80008
105988,87330,80205
106336,87745,79622
106728,87966,79770
106602,88791,79744
106895,88518,80004
106611,88213,79924
107001,88690,80212
107171,89067,80172
107481,88276,79862
107506,88661,80142
107789,88675,79799
108399,89140,79372
107829,89288,79343
107921,88792,79464
108111,88500,79684
108659,88087,79052
108411,88114,79072
107792,88113,78312
108064,88763,78409
108026,89060,78302
108348,88506,78441
108449,88851,78049
108240,88666,77700
108792,89458,76802
108474,89499,77385
107822,90017,78119
107699,90490,78265
108084,90417,78494
108521,90447,79169
108285,90036,79448
108862,90122,78239
109275,90596,77858
109429,91499,77609
109751,91350,77862
109831,90980,77465
110305,90506,78056
110345,90110,78261
110253,90537,77698
110455,91494,77321
110780,91308,77691
111076,91143,77880
111549,91457,78235
111088,91678,78266
111425,91682,78660
112101,91397,78542
111793,90805,78500
112227,91236,78231
112344,91236,78113
111674,91449,78127
112185,91439,78009
112602,90833,78305
112658,90846,78209
112659,90529,78153
112642,90844,78696
113027,90273,78703
112736,90269,78774
112648,90340,78449
112282,90568,78370
112836,90152,78500
112913,90881,77809
113237,91181,77187
113122,91266,77348
113045,91832,77119
112524,92685,76555
112959,92015,76295
112284,92346,75893
112188,92300,75582
112602,93034,75858
112217,92841,75103
111853,92305,74622
111643,92395,74846
111470,91832,74643
112054,92112,75085
111889,92052,75034
111957,91500,74713
112089,91914,75004
112610,91643,74398
112454,91513,74467
112511,91289,74046
113098,91292,74097
112950,90836,74831
112623,90972,74204
112443,91003,74626
112607,91121,74272
112950,91525,74215
112828,91588,74751
112780,91695,75112
112751,91647,75006
112740,91512,75310
112816,91872,74680
112730,92005,74339
113310,91666,73756
112814,91645,73443
112701,91533,73793
112927,90823,73655
113022,91149,73886
113545,91392,73926
113718,91017,73228
113751,91169,73269
113131,90859,73732
113362,90425,73687
113332,90449,73486
113320,91005,73653
113385,91037,73736
113674,91151,73506
113815,90744,73330
113933,90475,72682
114471,90314,73119
114337,90741,73847
114137,90327,73622
114479,90573,73570
114934,90494,73304
114804,90781,73306
114822,90004,73234
114758,89832,73070
114566,90057,73444
113884,89554,73233
114141,89454,73424
113783,88613,73013
113277,88337,72841
112903,88700,72537
113018,88931,72340
113154,89135,71952
113158,89319,71390
113356,89496,71258
113143,89011,71040
113094,88998,71373
113027,88516,71346
112134,89474,71327
112209,89299,70917
112487,89443,70943
112521,89193,71232
112581,88824,71037
112932,89049,71594
112896,88991,71480
112741,88957,70993
112047,89241,71572
112048,89402,72109
112092,89287,72004
112200,89399,72022
112509,89329,71744
112854,89260,71931
112848,89433,71345
112949,89756,71305
113353,90600,71287
113076,90953,70755
112716,91319,71320
112076,91053,71088
111465,90611,71105
111844,90487,72310
112084,90222,72978
111605,90241,72670
111468,90033,72853
111901,90177,72762
111433,89620,73241
111112,89113,72774
111398,88561,72717
111009,88222,72535
111107,88583,72663
111087,89128,72650
111347,89163,72682
111264,88798,72810
111607,89400,72941
110931,89634,72861
110780,89917,73263
110936,89872,73639
111480,89648,73611
111007,89685,74198
110814,89398,73905
110640,89810,73790
110840,89146,73727
110716,89140,74613
110828,89085,74027
111465,89019,74128
112029,88559,74028
112423,88561,73696
112611,88618,73428
112990,88484,73803
112979,88504,74156
112574,88977,74492
112604,88860,75007
112533,89245,75318
112172,89693,75528
111850,89638,75841
112448,89364,75758
112485,89547,75961
112940,89884,76508
112898,89494,76763
112850,90202,76735
113475,90471,77388
113838,90708,77405
113756,90394,77351
114053,89753,77041
114113,89989,77382
113788,90483,77532
113708,90783,78031
114242,90913,77590
113795,90689,77398
113829,91177,76267
114320,91834,75987
114814,91782,76170
114877,91832,75999
114604,91431,76065
115079,91163,76106
115473,91159,76208
115233,91246,76183
115370,91934,76432
115909,91571,76816
115630,92445,76877
115307,92653,76908
114911,92832,77121
115322,92693,77344
114867,93006,77521
115034,92316,77595
115051,92253,77001
114900,92708,76990
114503,92812,77204
115133,93081,77091
115658,92671,77236
115687,93228,76685
115998,93138,76022
116309,93620,75463
116708,93071,75811
117045,92783,75867
116841,92288,75671
116544,92090,75664
117484,92621,76271
117048,92930,76608
116672,92333,77216
116746,92278,76767
117050,92156,76880
117263,92113,76869
117388,92192,76702
117013,92725,76890
116521,93032,76500
116196,93065,76173
115735,93154,75596
116120,93335,75946
116275,93455,76029
116884,93881,75409
116696,93992,75310
117243,92835,75381
117284,92710,74689
117253,92874,74517
117363,92871,74255
117220,92702,74717
117624,92597,74602
117739,92491,74568
118001,92418,74701
117439,92653,75009
117237,92700,74744
117434,92724,75009
117547,92763,75167
117749,92702,74732
117759,93189,74473
117979,93552,74225
118085,93432,74590
118040,93811,74505
117715,94154,74325
117887,94227,74620
117665,95150,74319
117571,95148,73834
117441,95794,73711
117856,95479,73492
117617,95180,73748
116738,94478,72837
116563,94453,72668
116347,94513,72741
116159,94101,72690
116139,94592,72836
116312,94363,73386
116365,94198,73572
116332,93905,73109
116734,94585,73420
116768,94362,72562
116999,94836,72522
116714,94932,72546
117023,94297,72192
117637,94396,71559
117732,94173,71281
117763,94193,71115
117829,94422,72109
117703,94316,72362
117347,95109,72399
117535,94859,71835
117717,94480,71608
117728,94454,71372
117593,94426,70917
117650,94118,71422
118987,94594,71337
119253,94697,71493
119452,94239,71487
119514,94373,71345
119271,94218,71360
119170,93898,71424
119310,93981,70864
119569,93789,70874
118725,93975,70509
118746,94368,69876
118616,94935,69862
119057,95251,69473
119506,95276,69757
120340,95564,69552
119740,95291,69238
120153,95577,68734
120738,95219,68772
120539,95173,68540
120669,95407,68495
121207,95402,68449
121117,95605,67880
121693,95266,68328
121580,95228,68394
122374,95370,68498
122484,95586,68275
121921,96085,68633
122188,95956,68183
121894,95738,68513
121707,96029,68315
121741,95219,69189
121332,95060,68868
121862,94390,68183
121912,94220,68301
122250,94051,68590
121703,94380,68213
121517,95011,68291
121163,94588,68812
121874,94926,69074
121854,95171,69017
121801,95079,69092
122007,95261,69496
122248,95254,70043
122148,94868,69983
122153,95100,70137
122669,95170,70253
123184,95170,69413
123369,95319,68751
123247,95481,68802
122992,95263,68617
123533,95065,67996
123514,94872,68070
124079,94892,67837
125229,94823,67210
124526,94625,67364
124683,94369,67983
125196,93375,68656
124477,93576,68086
125044,93781,68550
125297,94152,68071
125682,94755,68499
126172,94919,68047
126343,95341,68351
126298,95633,67871
126509,95149,67992
126225,94351,67905
126185,94502,68237
126774,95063,68289
126745,94450,68870
126385,94120,68662
126289,95023,68437
126067,94947,68072
126000,94486,67422
126098,94371,67584
125934,94413,67776
125630,94542,67774
125894,94154,67799
125932,93835,68420
126407,93880,68837
126259,93505,68226
126038,92743,68190
125951,92747,68950
126019,93297,68840
126451,92767,68711
126492,92259,68698
126719,90968,69529
125908,90014,69890
126025,90003,70098
125706,90290,69900
126026,91010,69747
125963,91124,70298
126442,91004,70356
126249,91218,71184
126839,91329,70808
127483,91046,70917
126993,91140,70662
126752,91024,70259
126539,90987,70323
126821,90968,70330
126703,91143,70844
126177,91392,70840
126100,91702,71436
126415,91835,70951
126372,91982,71048
126303,91727,71891
125596,91584,71960
125735,91655,72001
125458,92100,72029
125839,92265,71870
125939,92402,72053
125319,91963,72104
125098,92246,72411
125052,92203,72115
125004,91991,72150
124660,91963,71314
125296,91665,70999
125885,92439,70754
126017,92513,70482
126093,92538,70556
125866,92479,70736
125886,92370,70478
125685,92629,69790
125822,92943,69850
125637,92293,70304
125851,92783,70870
125621,93378,71140
125413,93324,70992
125536,92656,71058
126319,92750,71598
126207,92937,72506
126795,92646,72342
126930,93027,72230
126809,92759,71940
126572,92595,71862
126674,92450,71999
126321,92114,71139
126388,91874,70860
126474,91774,71256
125934,92786,71470
125873,92258,71398
125558,92468,71593
125971,92620,71323
126120,92826,70630
126518,93044,70966
126803,93059,70785
126847,92698,70784
127145,92966,71013
127128,92860,71033
127002,92614,71296
127203,92416,71873
127657,92942,71599
127586,93540,71106
127201,93311,71025
126852,93403,71386
126762,93718,72103
126404,93920,71858
127031,93611,72156
127321,93531,71807
127578,94039,71802
126927,94487,71869
126564,95149,72209
126330,94587,71783
126316,94434,71637
126418,94319,71581
125773,94404,71436
125934,94584,71158
126008,94640,70984
126186,94989,71373
126104,95056,71415
126241,95222,71448
125933,94935,71158
125955,95208,71659
125867,94427,72002
125967,94173,71843
125309,94386,71643
125227,94317,72074
125615,94184,72262
125692,94052,72633
124991,93958,71774
125573,94071,71557
125571,93921,71106
125356,94108,71000
124731,93956,70444
124250,94810,70686
124159,95396,70585
124323,95222,70360
124784,95520,69904
124639,95642,70102
124989,95223,70360
125911,95833,70518
126103,96176,70900
126468,96382,70784
126623,96353,70002
125989,96149,69611
126279,96209,69911
126631,96156,70015
126707,96512,70337
126143,96499,70849
126207,96684,71231
126660,96931,70988
126767,96632,70180
126503,96016,70473
127000,96549,71209
126676,96435,71098
126942,96237,70581
126638,96101,70266
126750,96403,70300
126740,96351,70192
127467,96040,69696
127532,95760,69697
128039,96621,69394
127600,97071,69272
126774,96795,69389
126604,97123,68884
126972,97534,69014
127165,97464,68979
126730,97376,69108
126322,96885,68892
126443,97300,68482
126250,97092,68011
125764,97002,68137
125644,97036,68238
125222,97458,68231
124990,97096,67829
125459,97520,67534
125610,97597,67753
125435,97868,67845
125568,97052,68235
125139,97030,68327
125207,97584,68449
125231,97971,68544
125063,97806,69101
124710,98024,68880
124711,97885,69148
124407,97848,70005
124082,97529,69709
123835,97730,69446
123880,97829,69538
123598,97259,69846
124011,97899,69581
123379,98387,69276
123151,98028,69433
124182,98362,69845
124087,98424,70213
123421,98454,69643
123285,98121,70079
123202,98526,69922
123337,97889,69916
123582,97638,69758
123943,97782,69635
124318,97623,70022
124768,97627,70331
125505,98124,70644
125086,98379,70335
124992,98055,70648
125295,98620,70615
124891,98530,70676
125031,98743,70665
125006,99293,70598
124754,99693,70147
125104,99725,70268
124814,99395,69705
125172,99229,69767
125097,99186,69640
125135,99499,69008
124880,99817,69549
125387,100076,69211
125066,100183,68932
125462,100268,68709
125232,99979,68839
125632,100222,69347
125836,100975,69359
126282,100747,69816
126271,100866,70630
126102,101339,71043
126241,101040,71401
126820,100634,71997
126992,99849,72393
127650,100264,72326
127595,99876,71787
127842,100067,71229
128168,99710,71122
127591,100238,70542
127744,99832,70179
127350,100117,70548
126530,100824,70503
126803,100835,70422
127287,101660,70667
127444,101540,70733
127413,101497,70752
127787,101411,70881
128594,101921,70708
128851,101645,70640
129259,101572,70394
129214,101526,70348
128186,102057,70560
128899,102578,70975
129016,102411,70482
129592,101916,70302
129228,101819,70416
129224,102050,70767
129312,102134,70692
129417,101845,70643
129535,101795,70158
129111,101273,70296
129045,101059,70652
129377,100891,71036
129394,101372,71147
129775,101429,70763
129715,100848,70670
129604,100846,70096
129537,101376,69586
129852,101323,70102
130046,100546,69932
130311,100098,70246
130887,100704,69315
130130,101000,68878
129963,101187,68716
129648,100731,69141
129510,100682,68809
129880,100724,68625
130538,100437,68984
130106,100007,68510
129695,100032,68957
129834,99936,69148
129519,100010,69160
129179,100332,69392
129410,100134,69328
129784,100307,69229
129630,100257,69093
129356,100208,69681
129487,100911,70176
129572,100869,69697
129507,102079,69876
129455,101953,69625
129651,101316,69860
129493,101961,70069
129385,101511,70089
129505,101624,69961
129524,101359,70045
129394,101029,69732
129002,101313,70109
129430,101570,69934
129174,101566,69773
129282,100956,70325
129582,100648,70731
129912,100424,70938
128884,100241,70437
129219,100213,70283
128851,100848,70122
128842,100653,69718
128790,100824,69583
128859,100771,68641
129179,100611,68618
129232,100799,68773
129640,100625,68765
129088,100322,67985
129440,100488,68036
129853,99888,68372
129437,99951,68423
129753,99923,68217
130333,99831,67794
130264,100512,67549
130139,99663,68003
130169,99507,68490
129649,99630,68703
129632,100357,69063
129220,100827,68556
129582,100703,68793
129817,100540,68479
129433,100591,69187
128553,100628,69285
128801,100544,69158
128917,100490,68744
128170,100415,68596
129040,100973,67947
129219,101084,67824
129640,101157,67895
129521,101398,67522
128947,101509,67559
128330,101916,68179
128354,101923,68964
128532,101945,68775
128489,101980,69048
127976,102006,69391
128037,101945,69065
128169,101878,69385
128180,101695,68901
127809,100879,68038
128563,100922,67873
128309,101384,68004
127726,101105,68083
127671,101277,67897
127656,101742,68589
127846,101959,68142
127543,101964,67681
127215,102150,67832
127236,103104,68502
126984,102964,68959
127309,102718,68289
127349,103333,67880
127312,103426,67869
126720,103115,68027
126703,103308,68425
126323,103060,68773
126040,103623,69100
126113,103624,69187
125862,103122,68617
126252,103491,68011
126215,103688,67861
126233,103681,67496
126702,104032,67342
126609,104323,67255
126650,104181,67181
126807,104211,67311
126558,104008,68112
127355,103904,68162
126984,103369,68189
126782,103722,68280
127002,103416,68316
126934,103456,68550
127554,104377,67872
127510,104122,67598
127613,103681,67226
127668,103167,67448
127443,103665,66786
127001,103332,66959
126867,103789,66785
127073,103703,67073
126312,104003,67365
126001,104209,67114
126343,103244,67276
126744,104307,67092
126221,103577,66645
126207,103348,67145
125597,103510,67135
125185,102795,68169
125235,102964,68587
125745,103349,68329
126314,103760,68800
125975,103933,68693
126037,104009,68775
125935,103660,69129
125595,103285,68721
125451,103135,68536
125158,102958,68424
125087,102872,68011
125355,102608,68141
125910,102669,67969
126144,102924,67630
125947,102226,67868
125813,102276,67991
125797,102159,67511
125968,101781,67720
126389,101912,67682
125917,101605,67875
125615,101829,68067
126038,101495,67866
125828,101762,68155
125891,102199,68267
126386,102279,68398
126627,101807,68858
126025,101751,68797
126346,101733,69091
126433,101734,69096
126808,101330,69855
126486,101228,69696
126145,100899,69846
126193,101016,69892
125927,100828,70032
125356,100833,69852
125452,100280,69536
125215,100155,68610
125440,99995,68964
125408,100451,69056
125275,100612,68478
125206,100059,67917
125177,100644,68017
125354,100442,67771
125305,99729,67478
125580,100330,67497
125327,100342,67493
126441,101102,67554
126200,100986,67911
125374,100783,68121
125399,101081,67840
125387,100804,67862
125466,100682,67039
125451,100855,66967
125875,100901,66881
125689,100994,66810
126012,101139,66896
126105,101555,67362
125759,101443,68421
125264,101616,68242
124904,101329,68107
124914,101501,67897
125530,101550,68034
125475,101959,68175
125282,101939,68572
125353,101373,68438
125625,101459,68074
125725,101453,68228
125103,101340,68917
125306,101370,69156
125083,101665,69028
125218,101772,69074
125163,101812,68993
125310,101669,68976
125155,101884,68986
125463,102240,68423
125694,101819,68313
125251,102367,68308
125358,102283,67920
125581,102276,67232
125736,102518,67319
125904,102717,67650
126106,102953,67752
126406,103275,67566
126401,103371,66941
126399,103228,66388
126618,103132,66588
126312,103519,66986
126026,103536,67823
126187,103808,68153
126153,103688,68739
125923,103639,67808
126603,102745,68197
126256,102792,68335
126757,102927,67575
126572,102927,67569
126923,103060,67597
126958,102954,68210
127031,103112,68625
127244,102829,68553
127252,102426,68729
126476,102648,68919
126885,102823,69445
126809,102653,69420
126161,103534,69307
125989,104026,69180
126003,104479,69133
126063,104273,68716
126035,104527,68789
125983,104243,68378
126509,104393,68205
126879,104401,67992
126507,104733,68160
126036,105073,69218
126001,105497,69017
126134,104908,69589
125918,104930,70126
125513,103999,69906
125162,104347,69700
125281,104151,69739
125241,104388,69632
125484,104485,69982
125122,104656,70038
125742,105243,70324
125430,105504,70373
125760,105948,69773
125303,105661,69950
125057,106115,70719
124971,106525,70143
125544,106500,69413
125319,106523,69911
125533,106814,69256
126145,107059,69467
125382,106892,69440
125231,106769,68911
125188,106524,69149
125006,106604,68450
125819,106376,68372
125263,106433,67664
124994,106640,67317
125704,106659,67827
125427,106564,67806
125727,106570,68643
126057,106795,69003
125963,107389,68991
125930,107912,69594
125700,108695,69438
125758,108716,69410
125697,108155,69980
124749,108312,69233
124584,108731,69227
124350,108587,69628
124021,108693,69837
124350,108380,70598
123805,108720,70407
123687,108522,69883
123800,108551,69651
124186,107939,69142
124445,108359,68909
124573,108375,68625
124648,108231,68309
124747,108532,68104
124976,108411,67594
125205,108413,67245
125881,108111,67319
126116,107710,67238
126132,108198,67198
126254,108456,67323
126194,109118,67233
126407,108863,67323
126645,109263,67154
126913,109121,66784
126602,109267,66520
126153,109404,67048
126278,109359,66631
126384,109233,66559
126137,108684,66267
125580,109140,65976
125419,109859,66482
125489,109710,66498
125535,110296,66022
125042,110153,65693
125584,110278,66173
125239,110620,66534
125169,111127,67109
124745,110930,67105
124533,110710,67118
125025,110480,66612
125076,110850,66082
125188,111254,66131
125482,111526,66758
125589,111237,66720
125876,110692,66950
126060,110369,67140
126395,110631,67059
125649,110994,67187
125632,110599,67488
125644,110119,67268
124924,110088,67225
125183,110177,66622
124873,110247,66909
124049,110192,66669
124439,109704,66357
124650,109420,65899
124817,109644,65703
125423,109981,65872
125722,110156,65649
125909,110877,66123
125620,110839,65929
125321,110523,65563
125465,110925,65130
125611,111240,65559
125044,111538,65284
125796,111742,65504
125987,111958,65359
126439,112014,65344
126317,112568,66089
126479,112531,65460
126194,113245,65452
126177,114098,65054
125940,114162,65672
125171,114200,65354
125222,114271,64757
125172,114576,65237
124870,113921,65572
124756,114876,65000
124875,115003,64660
125365,114506,64447
124925,114205,64118
124639,114174,63729
124617,114189,63954
124663,114774,63940
125001,114608,63704
124634,114869,63668
124016,114807,63938
124204,114791,64360
124258,115154,64299
124020,114889,64670
123531,114393,64279
123563,114484,64365
123583,114641,63948
123704,114304,64127
123487,114129,64280
124115,114480,64032
124501,114723,63874
124939,114685,63632
124788,114660,63640
125450,114586,63478
125295,114602,63820
125307,114210,63835
124692,114257,63165
124944,114122,62887
124890,114909,63358
124736,114432,63265
124846,114377,63156
125174,113675,62694
124706,113523,62938
124558,112799,63114
124560,112592,62838
124343,112482,62834
123816,112579,62223
123687,112368,61941
123901,112247,61917
124168,112298,61856
124312,111979,61276
124097,111584,60634
123524,111535,60479
123496,111512,61209
123148,111085,61969
123606,110883,61713
123781,111133,62080
123785,111708,62791
124041,112005,62395
124023,111927,62469
124209,112195,61909
123995,112300,61656
123850,112485,61342
123749,113330,61834
124306,113292,62375
124710,113360,61847
124460,113168,62289
125085,112398,62329
125717,112047,63086
125646,111665,63300
125811,111659,62919
126004,111743,62673
126051,111548,62156
125910,111074,61557
125953,111275,62072
126418,111081,61691
126546,111518,61520
126863,111555,61716
126968,111470,61765
127198,111216,61509
127625,110852,61077
127625,110894,60818
127618,109932,60710
128107,110155,60839
127950,109956,60329
127182,109957,60228
126791,109436,60580
126295,109667,60520
125903,109668,60751
126108,109701,60473
125904,109980,60675
126231,109170,60325
126817,109171,60022
126798,109166,60028
126581,109185,60255
126592,109054,60016
126893,108640,60420
126162,109288,60506
126029,108609,60014
126357,108661,59616
125796,108516,59725
125133,108127,59044
125778,107843,58581
125913,107425,57992
125899,107925,58781
125880,108932,58878
125729,109208,59270
125764,108826,59248
125251,108487,59013
124770,108528,58437
124962,108531,58176
125250,108335,57662
125089,108879,57429
124686,108159,57689
124566,107573,57685
123968,107873,57482
123895,107613,58325
124081,107452,58400
124297,107505,58379
124915,106993,58549
124221,107588,58872
124410,107492,58726
124185,107211,58494
123831,107647,58589
123551,107002,58517
123092,106788,58337
122451,107231,57427
122029,107301,57401
122817,106911,57161
123268,106761,57613
123107,106461,58161
123171,106871,57893
123200,106756,57434
122981,106935,57443
122942,106726,57320
122873,107539,57031
122261,107386,57251
122445,107118,57312
122195,106950,57215
122222,107109,56572
122682,107333,56873
122486,107638,56704
122418,108039,56915
122011,108054,56646
122511,107978,56655
122816,108208,56883
122591,107982,56658
122477,107808,56630
122196,107989,57466
121663,107642,57325
121671,107516,56874
121752,107783,56894
121493,107493,56470
121285,107075,56793
121750,107369,57366
121754,108222,57320
122342,108469,57643
122754,108270,57940
122709,108240,57980
122637,108157,57473
122283,107444,57696
122739,107081,57077
122425,106744,57078
122212,106468,57442
122485,106463,57278
121987,106474,58117
121888,106193,57559
121992,106628,57273
122023,106412,56870
122025,106375,57492
122145,106396,57133
122085,106416,57230
122430,106285,56921
122656,106832,56055
121703,106501,55473
121923,106663,55153
122290,106862,55397
121761,107049,54703
121682,107546,54260
121928,107899,53780
121691,108250,54255
122060,108467,53688
122479,107993,53241
121711,108026,52806
121658,108282,52424
122196,107848,52557
121964,107971,52797
122150,107310,52944
121936,107904,52929
122274,107646,53155
122791,107821,52895
122426,107443,52785
121696,107079,52303
121446,107079,51622
121776,106748,51784
121306,106730,52372
121722,106817,52533
121057,106435,52178
120805,106949,51268
121137,107297,51407
121200,106806,51445
121072,107333,51277
121337,107497,51336
121208,107555,51629
121053,108006,52147
121657,107998,52179
121973,108196,51833
121438,108018,51660
121356,108800,51832
122002,109052,51901
121771,108722,52146
122168,108579,52541
122969,108835,52479
122611,108694,52294
122631,108491,52003
122786,108603,52063
122833,109056,52195
122930,108577,52137
122846,108419,52205
123005,108761,52267
123243,108767,52119
123765,108803,52108
124298,108622,52249
124105,108408,52544
124122,108118,51845
124052,108099,51455
123609,107905,51627
123873,107891,51165
123976,107256,50969
123973,107219,50980
123363,107151,51371
123049,106957,50865
122852,106672,50856
122721,106924,50474
122560,107118,50361
121997,107540,49873
122393,107451,49318
122658,107156,48982
122984,107362,49076
123364,107414,49159
123577,107381,49451
122893,107349,49438
122996,107156,49001
122851,106763,48933
123226,106305,48305
122939,106110,48557
122773,105829,48912
123160,105854,48788
123022,106354,48606
123386,106253,48562
122989,106589,48260
122793,106623,47773
122818,106783,47169
122528,106817,46936
121921,106696,46922
121281,106877,46680
121152,107230,47215
121445,107784,47863
121439,108195,47925
121321,107657,47600
121508,107752,47735
121880,107469,47577
122285,107681,47997
122630,108294,48019
122871,107929,48043
122473,108629,47851
121782,108225,48037
121283,108443,48021
121356,107996,47455
121966,107669,47453
121908,107528,47241
121748,107875,46655
121628,107511,45959
121763,107063,45863
122375,107079,45782
122070,107040,45735
122421,106699,45981
122283,107121,46034
122301,107327,45764
122242,107523,46313
122224,107618,46298
121949,107901,46095
121863,107800,45835
121736,107785,44986
121968,107810,44763
121950,107737,44241
122276,107099,43769
122497,107256,43970
122595,107401,43958
122130,107899,43759
122117,108195,43238
122180,108114,43561
122187,108257,43149
122302,108360,42936
122535,108635,42391
122055,108236,42532
121850,108525,43105
121634,108642,42898
121379,108252,43159
121478,108616,42975
121552,108381,43063
121780,108329,42607
121391,108602,42417
121372,108470,42126
121493,109119,42630
121512,108807,41746
121508,108913,41533
121787,108803,41378
121868,108424,41356
121645,108003,41024
121755,107773,41583
121645,107501,41695
121391,107013,41429
121280,106860,41399
121191,106840,41369
121728,106624,41836
121858,106828,41876
121860,106964,42167
122103,106450,41738
122200,106797,42459
121510,106608,42749
121248,106098,43061
121125,105789,43927
120777,105962,44046
120603,106177,44381
120519,106262,43956
120165,106136,43922
119831,107057,44154
120036,106849,44837
120321,106735,45128
120309,106957,45404
121075,106840,45393
121619,106752,45863
121950,106902,45304
122389,106847,45337
121818,106572,45224
122138,106757,45321
121898,107317,45206
122378,107392,44957
122039,106914,45061
122367,107004,44934
122869,107581,45055
122854,107764,45497
122447,107567,45504
122668,107307,45892
122563,107188,46123
122864,107237,46233
122926,106729,46270
122706,106423,45877
122406,106927,45909
122422,107067,46531
121961,107153,46652
121239,107388,47107
121351,107319,46860
121286,107603,47095
121048,107923,47056
121089,107302,47149
120960,106698,47662
120676,106843,47818
120717,106456,46997
120728,106199,47386
120670,106635,47617
120128,106781,47617
120276,107191,47970
120390,107563,48553
119735,107230,48765
120327,107120,48033
120651,107301,47739
120657,107772,47761
121617,108291,47081
121902,108173,46949
121756,108787,47339
121784,108147,47614
122110,108661,47673
122088,109234,47397
122331,109393,47952
122621,108771,47530
122343,108721,47040
122132,108327,47108
121861,108093,46670
122147,107747,46882
122128,108144,46452
121893,107709,45790
121047,107706,45808
121310,108294,45428
121037,108415,45884
120602,108805,46061
120880,109005,46000
120655,108853,46328
120452,109297,46279
120234,109502,46481
120273,108955,46584
120413,108817,45949
120424,108724,46009
120535,108735,45621
120268,108249,45977
119518,108432,45864
119637,107870,46192
119794,106958,46043
119950,107280,45528
119873,107762,45837
119990,107792,46133
120743,107603,46085
120332,107754,46574
120097,107788,46392
120030,107857,46228
120614,108294,46923
120351,108059,47475
120143,108158,47450
120276,107965,47577
120118,107777,47579
120287,107710,47946
119596,107782,47906
119690,107760,48402
120373,107417,48445
120375,107359,47530
120237,107553,47238
120314,108055,47152
119956,108053,47179
120242,108775,47386
120162,108768,47348
120242,109148,48199
119872,108911,48109
120078,108849,48067
120477,109483,48224
120863,109875,48449
121126,109508,48327
120938,109899,48071
121414,109579,47870
121295,109809,47930
121562,109892,48342
121701,109883,48522
122068,110518,48205
122248,110632,48275
121621,110987,47983
121340,111671,47910
121065,112415,47528
120951,112186,47812
120784,112350,48156
120141,111967,48273
120071,111804,48007
119774,112049,47689
119728,111925,47280
119456,111734,47932
119352,111865,48032
119736,111856,47955
121139,111707,47854
121075,111958,47802
121305,111276,47825
120673,111178,47884
121286,111030,48101
122127,111128,48643
122131,111039,49014
122162,111027,48865
122004,110767,48833
121777,110281,49265
122455,110332,48791
121885,109858,48847
122281,109409,49043
122285,109498,49333
122489,109476,50384
122861,109078,50450
123101,108690,50668
123070,108441,50806
123235,107907,51136
123162,107681,51324
123122,108187,51213
123163,108634,51064
123002,108819,50719
122822,108933,50788
122822,108485,50551
123077,107879,50369
122847,108171,50296
123031,108246,50047
123993,108249,49938
124255,108641,50232
124868,108209,49730
125026,107702,50242
125071,107990,49806
125228,107833,49682
125818,108533,49487
125531,108895,49778
126087,108826,49739
126012,108660,49643
125742,109001,49314
126305,108896,48834
126559,108464,50017
126906,109300,49786
126692,109077,49875
126714,109255,49732
126625,109317,49545
127178,108937,49343
127734,108945,49143
127357,108768,48749
127386,108693,48188
126566,108727,48070
126388,108515,48474
125884,108432,48111
125593,108431,48301
124982,107843,48273
124668,107918,47439
125185,108366,48078
125036,108048,48478
125256,107626,48912
125285,106898,48869
124714,107328,48998
124944,107502,48932
124484,107762,49388
124768,107768,49440
125391,108044,48499
125403,107812,48332
126290,107699,48223
126731,107521,48281
126176,107855,48026
125830,108187,47381
125439,107897,47728
124904,107560,47426
125410,107504,47265
126077,107835,47309
126015,108317,47643
125882,108071,47349
126506,107320,47512
127402,107486,47408
127923,107091,46837
127882,106741,46673
128041,107095,46836
127376,106895,46157
127075,106747,45535
126747,106387,45131
127364,106790,44478
127365,106775,44145
127258,106613,44227
126989,106519,44209
127887,105916,44018
128031,106448,44369
128465,106297,44389
128731,106595,44080
129114,106114,43759
129152,106616,43875
129027,107078,43376
129547,107522,44045
129075,107451,44397
129398,107633,44239
129529,107855,44194
129466,107901,44040
129613,107811,44365
129588,108188,44270
129542,108082,44792
129458,108132,44885
129204,108046,44698
129502,107636,44511
129525,107529,44602
129967,106628,44428
130352,106436,44515
130525,106641,44353
130539,106598,43734
130411,106790,43005
130696,106867,43390
130127,106971,43885
129599,107437,43730
129172,108087,44186
128569,108316,44415
128590,108564,44401
128578,109112,44484
128556,109771,44157
128447,110045,44996
128145,110072,44914
128033,109877,45194
128091,110042,45696
127597,110798,45938
128229,110498,45865
127816,110992,45396
128016,110944,46033
127715,110457,45946
127345,110598,45692
127006,110381,45297
126266,110105,45012
126651,109983,45626
125830,110104,45336
126244,109811,45780
125605,110478,45252
125929,110251,45240
125768,109945,45182
125743,109357,45105
125437,109507,44929
125370,108897,45061
125283,109356,45215
124863,108896,45274
125551,109411,44498
125519,109601,44439
125404,109920,44518
126147,110004,44799
126765,109684,44788
127248,109448,45432
127085,108755,45582
126785,108862,45503
126132,108531,45414
126594,108601,45539
126037,108270,45082
126173,109001,45175
125602,109498,44784
125399,109873,45172
125504,109874,45008
125485,109900,44441
125975,109957,44219
126891,109624,44356
127052,109907,44780
126957,109802,45392
126141,110337,45014
126715,110296,45566
126572,110183,45179
126374,109599,44632
126442,109595,44358
126107,109767,43834
126082,109103,42967
125824,109516,42333
125582,109326,43039
125510,108673,42803
125614,108522,42762
126102,108240,42801
125555,107457,43164
125229,107963,43101
125767,107619,43718
125523,107412,44131
125280,107694,44142
125153,107574,44393
124726,107574,44352
124944,107847,43704
125117,107929,43719
124672,107696,44126
124747,107596,44543
124759,107463,44096
124836,107833,43744
124902,107611,43481
125312,107930,43156
124735,107576,42508
124311,106475,41633
124445,106264,41508
125197,105774,41878
125390,105913,42117
125366,104905,41594
125003,104965,42050
124244,104908,42157
123619,105159,42742
123536,104971,43201
123884,104764,43416
124325,104201,43672
124495,104510,43870
124051,105156,43745
123870,105287,43767
123538,106079,43507
123407,106423,44047
123751,106090,44108
123502,105716,44773
123143,106208,44625
123525,105825,44774
123945,105124,44751
123596,105175,44294
123927,105551,43925
124235,105418,43539
123752,105791,43115
123537,106438,43332
123449,107129,43705
123759,106581,44288
123726,106949,43941
124072,107245,44161
124039,107548,44176
123887,107795,44277
123574,107680,44497
123922,108087,44756
123495,107716,44843
123847,107176,44487
123199,107053,44968
122263,107179,44444
122029,107414,44502
122738,107345,44388
122828,106662,45080
122909,106585,45258
123269,107454,45208
122899,106916,44981
123146,106719,45041
122525,107123,44740
122500,106607,44054
122732,106162,43541
122256,105900,43618
121833,105837,43528
122015,105794,43412
121764,105451,43782
121609,105856,43568
121649,105892,43472
121357,105255,43673
121559,104900,44117
121817,104564,44211
121417,105230,44442
121503,105355,44826
121553,105907,44729
120910,105448,44694
120821,105799,44822
120379,106136,44877
120352,105928,44861
119528,106055,44672
120092,105785,44239
119822,106424,44134
119494,106281,44001
119562,106380,44114
119243,105745,43771
119119,106115,43913
118618,105991,44080
118331,106106,43936
117974,105983,43667
117807,105922,43056
117948,105647,42620
117237,106028,42635
117488,105720,42443
117515,104950,42600
117576,105090,43219
117448,105107,43020
117637,105461,42888
117590,105789,42982
117585,105589,43194
116998,105546,43318
117030,106003,42863
117369,106055,42703
117265,106036,42332
117434,105381,41991
116840,105227,41538
117341,104875,41436
117033,104694,41162
117426,105037,41503
117819,104835,41684
118043,104398,41111
118428,104727,41245
118615,105442,41709
118925,105418,41580
118949,105054,41161
118756,104875,41287
118461,105351,41020
118457,106049,40944
118465,106082,40932
118252,106391,41243
118133,105840,41162
118015,105863,41237
118316,106375,40794
118073,106421,40588
117875,107047,40796
117759,107162,40708
118262,107147,40187
118400,107030,40092
118888,106675,40179
118553,106458,39916
118921,106163,40093
118879,105905,40282
118791,105839,40419
118128,106504,40629
118393,106739,40354
118342,106657,40764
118598,105973,40651
118818,105666,40659
119127,105224,40244
118899,105754,39952
119441,105490,39502
119741,105759,39339
120165,105559,39653
120131,106221,39177
119886,106214,39764
120059,106518,39812
119772,106653,40123
119969,106254,40186
119794,106339,40434
119789,106598,40819
119720,106387,40611
119568,106280,40723
119934,106604,40763
120257,107176,40548
120560,106837,41095
120801,106153,40939
120998,105913,40114
120821,107045,40181
121168,107032,40141
121310,106945,39918
121831,106352,39515
122071,106551,39521
122510,106273,39434
122270,106445,39592
123046,106445,39770
122367,107304,38777
122584,107506,38673
121957,107790,38161
121774,107636,37837
121099,107570,37901
121004,108165,38108
121107,108129,38518
121397,107354,38400
121600,106988,38684
121696,107265,38859
121791,106997,39225
122504,106265,38377
122051,106192,38832
121537,106513,38903
121778,106934,38872
121338,106482,38572
121248,106038,38587
120482,106158,38665
120750,106658,38264
121164,106409,38209
121338,106185,38179
120980,105763,38217
121764,105627,37885
121899,105372,37543
121884,105501,37489
121885,104718,37675
121269,104079,37010
121384,104141,37189
121555,103730,37226
121818,103182,36928
121932,103430,37108
122331,104124,36961
122116,105199,36561
122477,105027,36397
121924,104402,36021
122253,104708,35881
122693,104859,35015
122564,104742,35653
122743,104985,35189
122968,105133,35483
122500,105029,35475
122745,104976,35480
122746,104444,34957
122454,104527,34524
122786,104937,34247
122997,104557,34455
122872,104750,34599
122934,104321,34766
122726,104107,34772
122825,104219,35763
122469,104781,36047
122254,105279,36504
122427,105498,36573
122379,106038,36196
122178,105958,36207
121725,105901,35875
121559,105800,36015
121458,106072,35403
121754,105934,35363
121826,105690,35339
122389,105738,35497
122542,105065,34808
122212,105137,34221
122615,104524,34549
122221,104530,33839
122463,104565,34078
122896,104807,33442
122312,104753,33031
122602,104771,32781
122719,104524,32831
122857,104357,32927
122713,103836,32859
122609,103306,32946
122122,103474,32905
122164,102968,32832
122123,103084,32575
122097,102823,32009
122438,102433,32745
122438,102137,32828
122429,102470,32939
122506,102328,33576
122494,102008,33418
122857,101507,34108
122091,101005,33789
122330,100951,33444
122000,101153,33506
121717,101541,33561
122019,101571,33745
122117,101110,33327
122135,101507,33020
122156,101710,33109
122221,101913,33195
122246,101761,32890
122206,101644,33170
122214,101280,33148
122015,100940,33134
121789,101187,32968
121570,101264,33753
121839,101691,34138
122166,101200,34542
122315,101133,34501
122241,101141,34084
121810,101303,34510
121799,101556,34735
121977,101439,34941
121749,100666,34863
121328,101317,34633
121426,101348,34756
121926,100395,35102
122109,100154,34716
122861,100523,34616
122888,100745,34405
122845,100947,34135
122379,100931,34422
121915,101475,34483
121754,101683,33888
121860,101856,34493
122086,102776,35031
122617,102877,34797
122786,102548,34708
122743,102823,35161
122903,102570,34753
122707,102539,35341
122500,103360,35907
122875,103518,36001
122477,103798,35992
122490,104220,35330
121894,104437,35330
122152,104532,35314
122201,104573,35452
121808,105161,35776
122078,105402,36161
122648,105160,36472
122854,105118,36617
122952,104933,36990
122665,105474,36970
123208,104817,37124
122728,104281,36799
123063,105071,36638
123086,105125,37201
122815,104231,36977
122402,103719,36789
122749,103904,36875
122952,103743,36714
123173,103785,36917
123275,103017,36821
123301,102094,36653
122990,101955,36984
123472,102147,36432
123216,102118,36220
123263,101893,36412
123595,101712,36633
123310,101901,36533
123306,101655,36917
123226,101942,36924
122831,101831,36615
122935,102315,36719
123303,102008,36576
123468,101973,37164
123667,101475,36448
124176,101605,36609
124335,101892,36565
124366,102192,35858
124576,101910,36438
123990,101786,36939
123878,101701,37302
123516,102005,37325
123341,102468,37829
123487,102377,37796
123324,102667,37521
123114,102354,37285
122259,102372,37659
122231,102312,37835
122188,102402,37478
121992,102199,37762
121613,101935,37528
121459,102221,37973
121527,101737,37419
122447,101357,37329
122298,101399,37464
122264,101370,37346
122640,101890,36925
122944,101595,36261
122794,101921,36561
123207,101549,36193
123604,101139,36125
124164,101390,36094
123791,101540,35933
123507,101587,36139
123937,101642,36618
123837,101614,36825
123724,101922,37161
123815,101872,37284
123733,101856,36973
124121,101409,37265
124278,102140,38364
124183,102339,38706
124147,102672,38537
124392,102557,38186
124575,102743,37898
124575,102369,37767
124371,102569,37317
124123,102624,37450
124109,102809,37603
124217,103317,37358
124509,103901,37351
124619,103712,37012
124429,103641,36791
124233,103191,36756
123874,103657,36641
123872,104178,36410
123703,104313,36182
124560,103897,36029
124598,103433,35839
124589,102474,35926
124805,102525,36257
125378,101915,36958
125454,102360,36658
125550,102115,36779
125213,102281,36527
125569,101843,36847
125898,101506,37155
125824,101412,37128
126136,101499,37112
125917,100947,37397
125814,100495,37833
125826,100684,38224
125454,100217,37991
125362,99778,38779
126089,99477,38712
125575,99317,38837
125385,99527,38852
125508,99754,38371
125453,99147,38844
125153,98707,38835
125512,99291,39208
126289,99072,39396
126134,98502,39398
125930,98875,39245
125637,99335,39012
125764,99447,38724
126256,98845,39096
126084,99302,38754
125797,99527,39209
125405,99821,39433
125134,99406,39659
124622,99471,39720
125140,99696,39914
125652,99266,40066
125112,99267,40042
124934,99344,40316
124775,98928,39708
124648,98431,39421
123994,99022,39466
123850,98660,39934
124140,98863,40366
123992,98174,40514
123824,97335,40534
124181,97288,40506
124512,96513,40764
123645,96412,41309
124137,96107,41427
123670,96273,41841
123909,96174,41331
123545,96322,41106
123042,97014,40603
122810,96559,40473
123133,97013,40184
123046,97141,40383
123211,97062,40485
123487,96461,40365
122678,96075,40277
122465,96250,40168
122095,96127,40307
122268,95952,40604
122049,95670,40458
122618,95488,40240
122577,95303,40474
122760,94919,41231
122864,95188,41006
123120,94800,41023
123525,95053,41440
123465,95367,41543
123315,95421,41247
122925,96046,41279
123369,96443,41022
123329,95762,41127
123664,95394,40602
123792,95019,39933
124646,94994,39425
124050,94863,39002
124437,95415,38813
124653,95072,38509
124317,94866,37892
123732,94984,38194
123449,94713,38334
123186,94717,37925
123239,94456,38103
122765,94455,38453
123477,94272,38824
123550,94115,38784
124657,93792,38637
124693,93318,38261
124367,93107,38411
124184,92830,38128
124426,93264,37484
124134,93447,38724
124596,93207,38204
124841,92348,37747
125011,91913,37485
124101,92297,37302
123761,92184,36983
123023,92392,37047
123369,91885,36933
123023,92458,36605
122811,92573,36607
122348,93153,36495
122728,93203,36677
122519,93142,36182
122612,92951,36225
122337,92462,35904
121879,92188,36349
122075,91688,36837
121486,90971,36740
121433,90939,36832
121246,90950,36539
121145,90992,36563
120968,90647,36584
121049,90775,36572
120798,91112,35812
120987,90742,35648
120459,90812,36478
120442,91074,36528
120070,90664,36800
119923,91133,36404
120367,91440,36599
120445,91839,36608
120900,92391,36719
121362,92918,36082
121583,93245,36200
122644,93336,35946
122580,93348,35703
122586,93474,36006
122450,93650,36171
122382,93766,36291
123019,93919,36468
123090,94548,36314
123280,94830,36327
123952,94767,36438
123489,95035,36324
123497,94884,36265
123409,95439,36452
124224,95571,36626
124414,95936,36217
124390,96108,35897
124597,96328,35642
124727,96474,35819
124717,96249,36001
124597,96021,35664
124493,95890,35755
124224,96253,35540
124099,96312,35409
124023,95977,35448
124423,96038,35175
124154,95777,34878
124103,95970,34998
124136,96464,35138
123487,95904,35264
123406,95984,35670
124053,95835,35254
124606,95662,35385
124767,95360,35446
125352,95365,35765
124952,96019,35649
124620,96215,35175
124416,96337,34661
124027,96517,34306
123710,96345,34570
123912,96343,34382
123665,96364,34560
123787,96512,34604
123957,96119,34797
123599,96055,35195
123413,96011,35414
123511,96115,34997
123296,95879,35918
123115,96561,35824
123221,95795,36003
123546,95500,36282
123283,95578,36123
123612,95432,36291
123972,95684,36466
123677,95399,36687
123101,95273,36958
123479,94967,37250
123543,94017,36755
123855,93604,36897
123547,93625,37529
122735,93427,38154
122464,93266,38591
122829,92985,38383
122668,92772,38587
122492,92490,38591
122653,92565,38536
122327,93374,39046
122443,93573,39154
122081,93198,39425
122338,93164,39909
121915,93240,39647
121671,93181,39121
121434,93972,39007
121943,93994,39332
121586,93967,39301
121877,93155,40038
122542,93565,39977
122280,93026,39015
122670,93144,39116
122539,92923,38178
122957,93004,38092
123187,92747,38225
123325,93343,38160
123451,93706,37695
123673,93090,37600
123699,92949,37823
123360,93240,37813
124208,93165,37726
124292,93165,37606
123984,93530,37188
124176,93602,37756
123999,93591,37757
124303,93816,37375
124671,94225,37305
124113,94772,36839
123652,94777,36539
123467,94570,37140
123866,94448,37338
124008,93690,37701
124043,93720,37764
123735,93895,37873
123936,93383,37226
123794,93725,37438
124015,93272,37739
123986,93303,37469
123633,94093,37310
124132,93289,37042
124523,93196,36556
124755,92987,36513
124409,93108,36246
124353,93104,36100
124402,92747,36327
124009,92834,36515
123829,92840,36867
124136,92800,37148
124025,92465,37144
123849,92425,37294
123935,92283,37547
123623,92212,37423
123461,92674,37400
124132,92277,37416
124160,92422,38055
124141,93115,37950
123658,93226,38211
123745,93275,38005
124016,93723,37873
124027,93875,37496
124071,93807,37586
124301,93356,37629
123858,93435,37883
123376,93332,37543
124162,93576,37195
123813,93546,37250
123490,93263,37165
123693,93250,37583
123066,93253,37419
123212,93222,37618
122892,93235,37813
123176,93737,38281
123500,93025,37760
123518,92965,37972
123601,92815,37442
123657,92941,37533
123913,93063,37236
124039,93136,37065
124015,93497,37250
123935,93309,37627
123831,93355,37948
124309,93137,37795
123993,93550,37378
124319,93372,37274
124303,93468,38052
123824,93346,37946
123250,93384,37724
123494,93835,37423
123796,93883,37113
123501,93729,36987
123417,93069,36794
124187,92710,36816
123860,92394,36763
123721,92517,35923
123655,93149,35727
123609,92990,36240
123884,92707,35877
123848,92511,35468
123865,93177,35004
124194,93361,35301
124218,93672,35308
124103,93594,35135
124338,93266,34986
124495,93580,34879
124797,93523,34448
124593,93206,34650
125173,93608,34516
125358,93434,34141
125118,93258,34387
124915,94038,34341
125499,94399,34798
125215,94392,34864
125050,94852,35000
125169,94986,34884
124910,94588,35981
125039,94591,35551
124582,94492,35643
124828,94348,35818
124757,94178,36691
124418,93737,36725
124403,93911,37195
124504,94088,37009
123660,94308,36492
123366,93930,36102
123883,93868,35777
124141,93821,36193
123782,93415,36155
123817,92997,35734
123589,93051,35712
123894,93787,35665
123575,93593,35479
123038,94203,35483
123174,94380,35331
123177,94017,34769
123738,94405,34434
123614,94418,34693
123829,95060,34344
123559,94616,34753
123413,95339,34660
123124,95534,34178
123110,95681,33718
123731,95754,33772
123896,95920,33496
123814,96391,33248
123963,96565,32778
123940,96061,32577
123152,96319,32339
123776,96520,32218
123967,96715,32765
123647,96613,32401
123374,95998,32218
122938,96080,32473
122448,96527,32149
123050,96227,32414
122749,96444,32422
122815,95882,32203
122881,95682,32687
123290,95806,32280
123520,95702,32363
123454,95335,31968
123915,95859,32168
123390,95142,31955
122840,95163,32278
122769,95347,33020
123366,95057,32667
123361,95386,32886
122932,95074,33270
123177,94879,32649
123741,95377,32452
124075,95309,32790
123631,95348,32759
123539,96160,32068
123724,95815,31864
123794,95426,32106
123471,95991,32151
124023,96573,32626
123988,96761,32332
123642,96583,32815
124071,97065,32883
124208,97268,32857
124023,97028,33000
123806,96725,32889
123456,97114,32844
123707,96698,32381
123553,96215,32066
124191,96299,31622
124248,96606,32024
124214,96669,32372
123678,96637,32293
123888,96554,32088
123121,96326,32021
123588,95706,31603
124045,95329,31616
123873,95549,31203
124353,95523,30926
124963,95163,30310
124843,94991,29877
125202,95241,29695
124998,95274,29687
124926,95819,29389
124965,95734,29296
125068,95778,28710
125206,95916,28987
125656,96416,28742
125378,96045,29045
125930,96713,29392
126377,96443,28498
126503,96404,28650
127027,96475,28798
126376,96699,28879
126148,96967,29119
126463,96869,29496
126400,96362,29054
126986,96363,29138
126790,96211,28994
127493,96533,29169
127137,96570,29487
127977,96094,29156
127978,96121,29731
127944,96185,29764
128316,96622,29706
128519,96656,29462
128978,96805,28990
128931,96829,28809
129109,96720,28582
129039,96550,29060
129235,96605,28554
129417,96461,28635
129479,96266,28658
130011,96378,29017
129912,96589,28838
130048,96653,28768
129620,96743,28721
130210,96779,28932
129871,97103,29008
129710,97793,28638
129684,98021,28601
129866,98606,28350
130011,98920,27892
129444,99422,27613
129431,99169,27764
129325,100251,27422
129345,99790,27381
129597,100139,27637
129565,100246,27198
129520,100329,26682
129295,100658,26836
129174,100982,27007
129009,101304,27191
129286,101894,27149
129514,102004,26740
129966,101518,26738
129820,100891,27060
129789,100363,27184
129489,100137,27002
129631,100282,26791
129701,100355,26163
129999,100314,25165
129536,100641,25093
129105,100351,24591
128808,100677,24439
128891,100714,24758
128919,100351,24533
128902,101090,24374
128619,101015,24545
127898,100854,24775
127913,100309,24869
127720,99446,24647
127990,99720,24659
127809,99835,25021
127667,100710,24804
128174,100790,25195
128473,100494,25571
128662,100025,25163
128935,99725,25287
128865,99465,25475
128269,99892,25336
128151,99730,25230
128156,100033,25674
129255,99565,25573
129681,99269,25697
129712,99052,25885
129694,98916,26098
129574,99425,25773
129583,99593,25778
129760,99222,25499
129771,98939,25668
130599,98650,25795
129978,98875,25607
129848,98474,25781
130030,97830,25909
130484,97713,26644
131001,97841,26711
131493,98191,27022
131524,98002,27111
130931,97639,26877
130888,97520,26693
130913,97721,27214
131140,98019,27027
131136,97248,27584
131595,97245,27803
131937,96552,28161
132012,96266,28092
132116,96530,27975
132253,96496,29048
132259,95961,29530
132318,95883,29018
132473,96371,28829
132345,96235,29179
132613,96360,29256
132646,96802,29369
132363,97002,29373
131959,96671,29952
131528,96461,29649
131271,96744,29704
131544,96916,28966
131540,97526,29101
131874,97853,29200
132446,97931,29698
132403,97782,29668
133164,97583,29441
133661,97437,29680
133269,97152,30037
132847,97151,29890
133277,97019,30390
133048,97480,30796
132776,97959,31155
132915,98078,31325
133318,98238,31273
133279,97984,31680
133496,98271,31568
133224,97999,31732
133224,98287,32139
133409,98738,32074
133882,99191,31864
133694,99716,31630
133467,99150,31669
133752,98656,31767
133748,98736,31183
133671,98534,30993
133185,98179,30704
132792,98342,30521
132195,97891,30774
131516,98060,30523
131519,97724,30226
131369,97695,30482
130691,97486,30209
130136,97877,30119
130070,98235,30099
130094,98165,30386
129900,98041,30331
130340,98593,29992
130070,98535,30716
129757,98946,31197
129231,98777,31143
129087,98417,31474
129141,98733,31522
128749,98904,31279
128495,98956,30846
128779,98976,31275
128849,98911,31148
129152,99114,31144
128825,99527,30621
128980,99568,30820
129408,100301,30701
129489,100696,30640
129435,101198,30885
129441,101065,30903
129818,101295,30758
129403,101203,30420
128987,101249,30875
128952,101233,30920
128973,101773,30852
128715,102179,30683
128865,102433,30719
129278,102728,30379
128774,102127,30769
128491,101750,30610
128271,101519,30108
128375,101001,30953
128970,100623,30841
128667,100640,30933
128858,100575,31107
128213,100329,31440
128023,100323,31205
128397,101090,31403
128343,100794,31773
128369,100441,31579
128145,100820,31560
128126,100803,32034
128016,100928,32092
127872,101058,31900
127620,101498,32554
127460,102025,32696
127515,101386,33131
127767,101139,33723
127181,101081,33608
126912,101332,33669
126760,101233,34221
126519,101057,34645
126609,101436,34842
126801,101484,34320
126793,101143,34170
127171,101339,33668
127517,101485,34046
127625,100890,34212
127958,100261,34203
127311,100128,34302
127754,100075,33901
128205,99933,33316
128530,100211,33644
127866,100102,34424
127864,100171,34410
127918,100009,35055
128227,100324,35144
128051,100569,35361
128669,100132,35494
129162,99959,35167
128978,99949,35359
129204,100238,36137
128878,100831,36021
129073,101402,35493
129359,101437,35793
129543,101967,36041
129942,101917,36114
129809,101846,36402
129501,101534,35502
129020,101837,35682
129064,101712,35531
128801,101294,35923
129084,101538,36195
128810,101608,36259
128849,102039,36775
128338,101652,36679
128058,102073,36926
127917,101834,36800
128032,101296,36597
127867,101372,37008
127921,101272,36669
127703,101610,36601
127759,101623,36968
128479,101542,36883
128753,101166,37405
128475,101546,37361
128183,101930,37403
128347,102164,37837
128559,102116,37381
128437,102271,37601
128332,102274,37751
128291,102452,37191
128322,102077,37584
128418,102262,37570
128086,102694,37384
127732,102591,37982
128181,102398,37937
127811,102497,38019
128221,102269,38266
127932,101986,38451
128086,101290,37682
128167,101389,37506
128601,101339,37826
128784,101377,37858
129140,101200,37711
129273,100433,38116
129481,99980,38010
129614,99657,37262
129843,100298,37197
130577,101303,37205
130925,101060,36932
130151,101431,36847
130495,101237,36927
130411,100714,36411
130868,100989,36022
130780,101332,36146
131081,101141,36080
130592,101296,34981
130872,99934,35270
131470,99653,35035
131237,100307,34935
130878,100648,35129
131241,100516,35357
130833,99813,35006
130992,99115,34536
131588,99350,34321
131150,99344,34460
131311,99318,34696
131264,99482,34206
131875,99505,34058
131802,99043,34003
131809,99479,33718
131608,99698,33110
132023,99547,32929
131915,99744,32697
132043,100118,32686
131304,100512,32870
131049,100342,32895
130876,100061,32591
130641,100484,32773
130958,100257,32422
130828,100099,32776
130483,100288,33228
130835,100186,33257
130577,100123,33409
130255,100332,33296
130394,100093,32916
131294,100657,33001
131869,100649,32664
131619,101176,33374
131852,101264,33717
131599,101130,33374
131354,101378,33151
131341,101591,33215
131073,101794,33459
130899,101517,34230
130403,101688,33862
129897,101863,33803
130263,101770,33540
130484,101542,33094
130677,100452,33003
130337,100420,33068
129861,99894,33330
129423,99937,33441
129688,99346,33748
129910,98957,34070
129647,98535,33756
130009,98394,32945
130346,98735,32908
130426,98703,32942
130351,98561,33044
129914,98658,33640
129954,98554,33186
129919,98872,33214
129803,98726,33064
129298,98387,32919
129553,98545,32896
129507,97900,32634
129620,97803,32566
129808,98110,32951
129891,97799,32461
129729,97712,32499
129854,97802,32491
130212,97770,32651
129846,97682,32455
129917,97059,32933
129748,96994,32804
129917,97539,33023
129367,97744,33092
129542,97836,32185
129230,98345,32811
129348,98105,32937
129429,97734,32637
129252,97404,32556
129459,97253,32633
129702,97546,32434
130378,97904,32848
130473,97355,32887
130326,97295,32266
130288,97031,31963
130362,97226,32216
130267,97351,32526
130154,97403,32113
129560,97166,31525
129341,97167,31722
130045,97132,31704
129478,97133,31514
128821,97624,32099
128546,97906,32840
128140,98220,32381
128365,98385,32452
128625,99133,32136
129644,99132,31588
129428,99163,31677
129161,99273,31440
129215,99415,31586
129448,99282,31253
129647,99495,31260
129129,99563,31686
129327,99128,32056
129486,99027,31742
129482,98775,31455
129375,99122,31280
129419,99190,31151
129792,99238,29890
130243,99412,30169
130484,99199,30460
131318,99205,31013
131727,99214,30820
131773,98735,30787
131315,98857,30198
131532,99051,29828
132013,99270,29353
131740,99440,29831
131414,99199,29582
130499,99298,29243
130270,99051,29787
130181,98861,29822
130321,99058,30184
131023,99163,29947
131176,98777,30241
130986,99136,29909
131099,98718,29673
131075,98673,29755
130770,98714,29373
130904,99306,28801
130929,99019,28889
130891,98933,29122
130818,98714,29204
131101,98480,29479
130912,98096,30171
131249,98539,30211
131367,98894,30712
130935,99461,30518
131269,98587,30120
131134,98411,29814
131311,98781,30074
131353,98971,30009
130961,99124,29774
130827,98996,29355
130939,99199,28959
131015,98718,29473
131013,98573,29580
130522,98094,29484
130122,97788,29069
130615,98204,29098
130923,98700,28996
130879,98540,29351
130979,98365,29394
130911,97890,29185
130943,97629,29684
131078,98072,29407
131060,98586,29074
131349,99002,29083
130963,99619,29670
130831,99348,29684
130933,100099,30296
130906,100420,31107
131291,100420,31055
130992,100878,31122
130915,100796,31060
130615,100967,30540
131005,101089,30306
131084,100631,30419
131349,100907,30550
131713,101374,30516
131409,100894,30823
131361,100700,30572
131312,100859,30308
130807,101111,30706
130952,100936,30077
131065,99796,30596
130692,99943,30662
130521,98993,30451
130922,99486,30610
131348,98853,30565
130676,98805,30909
130921,98740,30791
131443,99283,30716
131308,99974,30943
131306,100161,31305
131921,100471,32112
131627,100268,32409
131524,100603,33113
132070,100906,33239
132485,100889,33001
132620,101232,33396
133078,101384,32886
132511,101237,32554
132832,101157,32136
132455,101086,32370
132935,101328,32552
132593,101264,32106
132993,101068,32811
132403,100970,32064
132674,100888,32081
133204,100914,31957
133303,100893,31778
133769,101167,32064
133720,101345,31763
133926,101493,32288
134231,101445,31722
134627,101749,32022
134265,101925,31718
134299,101529,31253
134288,102005,31156
134522,101488,31311
135299,101584,31647
134946,101898,31665
135031,102186,31595
135060,102161,31821
134682,102003,32768
134404,101863,32501
134756,101884,31265
134668,102106,30583
134893,102500,30489
134576,102845,30396
134875,103291,31090
135063,103715,31149
134887,103549,31286
135365,103713,31421
135496,103143,31550
135309,103099,31850
135564,102749,31595
135572,102883,31426
135387,102921,31335
135215,103153,31005
134897,103096,30883
135189,102759,30858
135096,103424,31020
134627,104120,30629
134476,104530,30630
134774,104852,30082
135064,104917,29466
135047,104813,29491
134901,104957,29973
134540,104455,29832
134340,104899,29532
134290,105141,29813
134052,105468,29589
133894,105304,29361
133918,105056,29193
133846,105083,29773
133613,104855,29850
133624,104720,29989
133950,104609,30299
134167,104664,30135
133658,104318,29849
133911,104342,29460
133453,103768,29739
133846,103870,29782
133864,103879,29749
133564,103743,29234
133799,104022,29515
134045,104679,29572
133926,104181,29678
133990,103927,29871
134123,103850,30331
134522,104042,30785
135361,104546,30206
135279,104116,30347
135629,103836,30389
135623,103611,30100
135948,103728,30166
136020,104003,29606
136362,103694,29530
136223,103174,29833
136644,102906,29664
137169,103372,29631
136427,103529,29666
137117,103431,29528
137228,103258,30341
136948,103289,30038
137152,102795,29806
136650,102475,30079
136219,102486,29377
136449,102711,29813
136221,102567,29923
136901,103316,29586
136729,102891,28687
136531,102752,28009
136577,102935,28349
136439,102938,28759
136726,102724,28501
136797,102314,28525
136808,102835,28627
136861,102963,28956
137166,103036,29223
136263,102781,29342
136858,103275,29454
137581,103639,29014
137716,104514,28961
138184,104159,28884
137977,103919,28910
138089,104116,28817
138055,103783,29075
137653,103926,29279
137627,104469,28858
137554,104103,28712
137673,103888,28424
138040,103765,29420
138974,103834,29399
139199,103783,29135
139115,103157,29816
138441,103228,30225
138389,103956,30425
138346,104133,30703
138456,103894,30667
138352,103766,30663
138520,104462,30525
138477,104587,30161
138774,104377,30505
138292,104286,30593
138267,103737,30378
138025,103197,30009
137603,103042,30344
137881,102975,30100
137985,103107,29603
138278,103384,29543
138578,103767,29348
139080,103970,28561
138775,103633,28758
138750,103793,28531
138351,103179,28863
138210,103213,28276
138604,103487,28619
138638,103345,27809
138129,103716,28296
137784,104126,28688
137824,104299,28957
137901,104476,29021
137712,103919,28935
137984,103954,29865
137783,104190,30470
138429,104193,30756
137791,104159,31021
137386,103747,30737
137212,103350,31001
137330,103027,31147
137092,103519,30672
137542,103991,30640
137480,103530,30019
137695,103497,29910
137346,103658,29140
137658,103942,29090
137526,104059,29939
137582,103825,29611
137259,104081,29498
137217,103944,29853
137384,103722,30689
137637,104068,30405
137096,104249,30523
137110,104709,30155
136750,105028,29684
136714,104670,29603
136788,104294,29984
136991,104620,30061
136802,104786,30285
137363,104918,30052
137339,105652,30005
136894,106172,30516
137087,106834,30068
137109,106316,29879
137140,106627,30119
137133,107271,30164
137463,107188,30118
137430,107471,30109
137413,107102,30469
137439,107224,29992
137939,107363,29914
137709,107412,29871
137104,107670,30125
137225,107509,30216
137467,107375,30631
137789,107475,30434
137040,107460,30661
136840,107919,30714
137226,107708,30455
137256,107672,31074
137507,107990,31342
137357,108174,31383
137547,107916,31315
137351,108449,31619
137191,108241,31521
136655,108752,31129
136593,109207,30931
136868,108782,30920
136876,109207,30395
136948,108900,31128
136781,108308,30978
137053,107900,30803
137229,108147,30608
137947,108717,31079
138364,108792,31058
138723,108862,30862
138675,108294,31390
138918,108025,30905
139078,107667,30628
139047,107855,30572
139088,108458,30099
139095,108247,29841
139192,108549,29842
139494,108458,30306
139321,108058,30228
139257,107971,29870
139917,107349,29818
140599,107425,29829
140768,107773,29400
139725,108138,29702
139469,108078,28740
139023,108328,28723
138636,108295,29490
138552,108117,29427
138343,107890,29837
138158,108242,30096
138331,108075,30486
138249,108283,31639
138590,108570,31489
138311,108841,31892
137862,108848,31508
137835,109284,31612
138035,109412,30728
137863,109860,30690
137797,109449,31370
138196,109031,31418
138657,109212,31252
139139,109017,31347
139445,109234,31248
139919,109349,30962
139680,109216,30534
139724,108653,30202
139723,108362,30070
139845,108266,30242
139519,108057,30154
139192,107882,29882
139067,108348,29751
139090,108477,30612
138818,108062,30553
138998,108678,31129
138476,107899,30719
138067,107983,30522
138482,107869,30918
138901,107617,30471
138368,107605,30272
138257,107766,29775
138653,107105,29705
139207,107580,29704
139299,108103,30150
139457,107939,30063
139139,108026,30184
139216,108010,30270
138817,107514,30270
139055,107594,30789
139251,107010,31598
138889,106862,31181
139253,106535,31299
139126,106338,31310
138662,106490,30932
138712,106945,31221
138740,107224,30703
138058,108506,30042
138436,108409,29644
138728,108594,29563
139169,108437,29667
139292,108270,29558
139420,108673,30039
139230,109292,29848
139058,109473,29370
139330,110079,29286
138815,110760,29203
139467,110611,29079
139225,110116,28711
139849,110677,29721
139872,110601,29554
140334,110553,29741
140903,110352,29644
140279,110684,29970
140727,110903,29887
140431,110826,29811
140743,111088,29519
140566,111008,28994
140878,110845,29121
140371,110928,29005
140367,111328,28695
140324,111599,28811
140047,111735,28849
140016,111677,29377
139203,111874,29843
139245,112282,29754
139520,112516,30112
139827,112373,29898
140184,111865,29844
140940,112455,29693
140220,112571,29506
140401,112564,29144
140822,112784,28631
141285,112652,28704
141817,112524,28380
141295,112506,28344
141728,113138,29143
142188,112946,28930
141226,112815,29440
141135,112752,29353
141539,112576,29306
141305,112345,29188
141483,112649,29087
141106,112407,29365
140961,112376,29891
140623,111967,30489
140154,111404,30315
140340,111709,30438
139703,111573,30256
139445,111383,29958
139688,111378,30093
139296,111529,30186
139573,110995,29792
140081,111497,29985
140007,111376,30263
140086,111410,29874
139697,111014,30476
139709,111386,30256
139389,110853,30057
139019,110883,29275
138812,110224,28987
138728,109870,29055
138854,109779,28595
138618,109637,29279
138592,109089,29769
138642,109127,29922
138443,109383,29938
138062,109493,29615
137738,109268,29472
137495,109677,29434
137469,109476,29584
137740,109774,29886
138063,109802,29618
137566,109618,29698
137898,109848,28833
138431,110136,28606
138192,110197,28264
137861,110027,28350
137717,110259,27431
137721,110179,27113
137421,109934,26960
138113,109966,26990
138312,109702,26548
137724,109546,26100
137468,109603,26199
137517,109705,26401
137122,109926,26409
136979,109850,26192
137332,109444,26121
137586,109077,25787
137384,109701,25794
137108,110144,25969
137004,110234,25719
136888,110517,25972
137696,110467,25711
137795,110029,24987
137775,110640,24746
137660,110221,25063
138328,110732,25259
138483,110713,25391
138210,110609,25498
137804,110417,25838
137755,110486,26101
138108,110196,25978
137892,110637,26313
138164,111196,26370
137640,111484,25963
137037,111607,25900
137226,110924,25525
137258,110713,25436
136752,110394,25963
136524,110483,25918
136574,110754,26045
136452,110149,26052
136223,110090,25972
136272,110506,25441
136396,110926,25488
136348,110526,25313
136352,110961,25042
135934,110776,25181
135684,110984,24962
135823,110518,25160
135489,110837,25452
135737,110317,25058
136060,109928,24797
136852,110022,24975
136800,110039,25497
137323,110231,26107
137005,110254,26252
137613,110537,26514
137540,110716,26414
137721,110534,26571
137345,110448,26493
136746,110175,26051
137085,110512,25688
136641,110606,25838
136603,110376,25279
136175,110803,25101
136825,111051,25434
136477,110325,25355
136119,110013,24831
135680,109820,24592
135666,109837,24699
135817,109738,25486
135596,109994,25535
136368,109896,25949
136539,109839,25668
136121,110111,25334
136417,110641,25833
136238,110796,26202
137238,110834,26631
137518,110905,26575
137490,111191,26125
137664,111114,25832
137716,110885,25439
137733,110925,25153
137746,110747,24974
137281,110908,25413
137468,111457,25185
137471,111188,24952
136725,110904,25228
137374,110676,24752
136642,110613,24745
136727,111026,24537
137144,111122,24724
137073,111367,25541
137261,111220,25182
136933,111524,25083
137211,111322,24808
137145,111518,24709
136589,110832,24817
137043,110892,24063
136748,110842,24340
136361,111076,24131
136816,110608,23985
137249,110521,23805
137199,110754,23329
137182,110776,22925
137283,110789,22358
136637,110815,21858
136588,111428,21980
136613,110956,22723
136476,111095,22758
136762,110879,22530
136532,111625,22713
136693,112042,22306
136704,112074,21953
137118,112139,21222
137829,111752,21870
138541,111857,22159
138752,112578,21790
138902,112258,21927
139678,112649,21818
139732,112733,21809
139697,113201,21238
139238,114002,20897
139089,114101,20841
139238,114159,21158
139611,113565,21604
139981,113280,21564
140072,113859,21425
140526,113351,21458
140719,113461,21302
140948,113364,21276
141418,113640,21867
141750,113959,22495
142143,114538,22604
142050,114619,22739
141669,114446,22130
141756,114387,22333
141499,113647,22647
141177,113824,22703
141077,113359,22593
140949,112664,22952
140763,112785,23227
141113,113137,23022
141542,114303,22773
141722,114008,23478
141698,114299,23125
141581,114255,23290
142308,114077,23825
142664,113792,24099
143130,113317,24061
143063,113405,23742
143177,113759,23575
143282,113782,23698
143090,113642,24199
143300,113713,24354
143186,113430,23923
143476,113612,23643
143250,112936,23740
143106,112179,23678
142129,112205,23187
141447,111703,23194
141729,111199,22751
141352,110871,22653
141681,110824,22538
141946,109725,22142
141161,109540,22258
140772,109268,22158
140565,109996,22830
140947,110106,22684
140330,110514,23100
140161,110773,23263
139878,111446,22961
139943,111780,22706
139890,112359,22822
138731,111807,22547
138991,112030,22734
138535,113139,22696
137815,113185,22805
137559,114284,22797
137279,114495,23094
137824,114192,22519
137840,113887,22570
137714,114039,22739
137490,114230,22882
137361,114150,23239
137244,113705,22830
137859,113276,22860
138253,114246,21931
138474,114526,22182
138243,115230,22045
137724,115510,21672
137787,116082,21154
138019,115753,20657
137417,115943,21000
137158,115982,20396
137270,116141,20247
137261,116267,19834
137466,116428,20482
137659,116920,20488
137647,116700,20177
137496,117097,20750
137375,117008,20103
136860,116785,19737
136837,116953,19765
136710,116911,19637
136067,116526,19300
135711,116513,19091
135904,116921,18575
134795,117284,19249
134555,117614,19116
134570,117286,19425
134168,117505,19520
134483,117301,19244
134021,117400,18725
134394,117698,19042
134192,117640,18622
134271,117666,18293
133975,117237,18421
134029,117191,18462
134390,117403,18617
134832,117382,18142
135324,117680,18252
135416,117581,18231
135239,117958,17903
135180,117767,17629
135430,117717,17856
135252,117531,17929
134954,118388,17580
135228,117966,17534
135311,117512,17953
135820,117001,17814
135943,117518,17486
135919,118244,17961
135745,117909,18493
135109,117473,18175
135198,117600,18962
135294,117520,19082
135840,117845,19164
136265,117886,18861
136350,118042,19466
136510,117908,19508
136980,118033,19781
137316,118495,20224
137146,118165,20931
137308,117770,21333
136932,117683,21184
136951,116928,21473
136467,116904,20906
136934,117297,21413
137041,117252,21722
137420,116974,21163
137307,117149,21563
136747,117211,21585
136880,116927,21757
137126,116987,22115
136258,117094,21736
136533,116842,21969
136224,117000,22581
136510,117081,22925
136987,116816,23371
137249,116772,22830
137168,116987,22642
136954,117129,22750
136778,117101,23650
137241,117149,23725
137475,116996,23660
137387,116770,23819
137255,117418,23298
136878,117094,23722
136882,116729,23498
136808,116687,23279
137741,117018,23267
136859,117008,23391
137112,117286,24623
137320,117059,24522
137195,116737,24437
137092,116891,24243
137186,117694,24053
137136,116995,23780
136794,116652,23648
136499,116421,23972
136132,117036,24040
135699,116843,24229
135706,116559,24771
135201,117076,24620
135724,117019,24631
136453,117544,24684
136349,117314,24468
135783,116873,24389
135663,116552,23930
135486,116768,23710
135931,116921,24076
135564,117082,23408
135018,116443,23582
134762,116391,23622
134389,116952,23040
134584,116659,23364
135702,116481,23742
135638,116658,23991
135288,116822,23808
135208,116549,23828
135285,116985,23588
135264,116684,23406
134897,117007,23613
135021,117457,23409
134996,117718,23580
135843,117302,23111
136367,117327,22901
136276,117309,22331
136291,116995,23288
136294,116850,23309
136521,116718,23605
136584,116964,23522
136729,116924,23545
136397,117020,23172
136072,117070,23440
136582,117028,24045
136007,117678,23822
136289,117355,23629
136480,117101,23639
136608,116683,23723
136562,116881,23176
136165,117299,23690
136371,117950,23825
136282,117525,23988
135688,117615,24889
136090,117373,25104
136088,118007,24954
136654,118069,24820
136822,118896,24628
136974,118834,24007
136861,118968,23925
136947,118908,23645
136954,119027,23846
136737,119498,23393
136173,119447,23467
136352,119275,24422
136134,119356,24492
135605,118990,24408
135328,118808,24334
135443,118919,24547
135097,119188,24264
135580,119134,24403
135630,119254,24378
135905,119979,24283
135897,119699,24424
135823,119778,24437
136097,119774,24025
135686,119988,24421
135401,120015,23434
135168,120138,24148
135317,119528,24306
135210,119927,24378
135788,120022,24129
135839,119363,23807
135834,119251,23460
135708,119289,23041
135374,119318,22483
135308,119244,22153
135045,119294,21169
135220,119587,21360
135536,119726,21738
135579,120312,21790
135296,120579,22551
135189,120773,22198
135207,120142,22233
135758,120280,21979
136023,121033,22329
136141,120952,22689
136166,121467,22286
136753,121231,22555
136466,121040,22343
136233,121174,22455
135889,121704,22385
135738,121255,22335
135805,121268,22428
135808,121341,22628
135010,121469,22471
135531,121719,22458
135399,122012,22114
135404,121574,22252
135114,121231,22115
135042,121009,21701
134686,120482,21503
134925,120447,21427
135219,119802,21919
134482,119694,21682
134463,119564,22016
133951,119658,21560
133747,119661,21644
133885,119419,21274
134029,119441,21059
134389,120214,20501
134858,120264,20719
134432,119726,20771
134083,119700,21812
134610,119679,21837
134581,119749,21544
133953,119581,21464
133609,120039,21292
133088,120362,21790
132833,119608,21965
132936,119897,21752
133547,119739,21620
133494,119526,22244
133152,119380,22204
133470,118978,21956
133645,118685,22091
133675,118558,22028
133212,119068,21808
132961,119402,21546
133171,119497,21301
133355,119230,21581
132998,119225,21275
133928,119432,21373
133691,119419,21499
133473,118967,21496
133784,118907,20966
134093,118719,20582
133549,118527,20596
133083,118758,20222
132506,119006,20855
132226,119785,21611
132228,120054,21544
132034,120371,22598
132315,120293,22486
132505,120040,22930
132754,120255,22429
132528,119821,21577
132194,119385,21274
132516,119515,21440
131917,119868,21350
132145,119614,20870
132035,119849,21050
132462,119767,20971
133033,119517,20702
132726,119265,20500
132741,118925,20515
132694,118387,20489
132909,118077,20061
132607,118328,20121
132510,118074,20017
132580,118470,19992
132573,118459,20914
133038,118223,21179
133668,118606,21826
133621,118775,22136
133741,119046,21811
133072,118946,21946
133119,118525,22069
133704,118040,22594
134236,118226,22187
133774,118272,22423
133811,117951,22778
133658,117859,23063
133996,117825,22719
134473,118128,22389
134399,118431,22064
134094,118613,21991
133828,118667,21724
134710,118970,21846
135175,118958,22022
134492,118611,22205
134446,118823,22042
134591,118700,22126
135046,118909,22274
135436,119279,22228
135519,119222,21831
135298,118831,21624
135430,118812,22226
135444,118773,22295
135389,118873,22211
135613,119217,21840
135447,119550,21116
135092,119850,20854
135105,119786,21837
135385,119732,22086
135063,119139,22761
134770,119749,22380
134524,119764,22645
134633,120065,22227
134994,120215,22371
134982,121003,22225
134993,120865,22064
134789,121193,21060
134592,121187,21286
134518,121037,20694
133992,121010,20775
134181,121144,20500
134358,121708,20452
134512,122143,20041
134650,122109,19315
134939,121315,19393
134889,121611,19147
135280,121827,18749
134938,121338,18659
134962,120524,18409
134729,120493,18301
134775,120074,19021
135271,119722,19471
134902,119981,19896
134880,119474,19620
134437,119195,20464
134506,119788,20006
134954,119977,19896
134823,119977,19451
134320,119779,19162
134318,119182,19271
134313,119607,19335
134592,119722,19073
134731,119274,19664
135139,119176,19750
134946,119459,20006
135631,119616,20713
135901,119252,20322
136035,119197,20724
136477,119177,20849
136856,119374,21164
136727,119439,20605
136671,118860,20447
136193,119041,20823
136135,118399,21295
136510,118159,21791
136205,118381,21648
136878,119024,21010
136750,119365,21235
136676,119385,21855
136969,119743,21959
136854,119675,21781
135882,119907,21541
136324,119478,21715
136149,119917,22093
136073,120295,22640
135755,120373,22702
135542,120678,22371
135189,120790,21874
135228,120659,22311
134822,120955,21836
134726,120860,21250
134586,120801,21304
134343,120902,21200
134291,121009,21441
134439,120780,21290
134429,120829,20534
134260,120690,20415
133666,120958,20776
133303,121409,20569
132885,121458,20070
132911,121580,20397
132887,122439,20534
133061,121812,20594
132678,121968,20389
132862,121880,20244
132644,121716,19869
132223,121715,19636
132693,122396,20216
132428,121973,20039
132758,122013,19849
132564,122001,20271
132601,122122,20312
132195,122746,19888
132159,122817,19634
131979,123046,19547
132096,122735,19406
131917,122743,18492
131392,122608,18666
131198,123038,18696
130861,122917,18791
130778,123083,19080
130688,123549,19769
130372,123777,19764
130860,123157,19547
130822,122838,19617
130850,122971,19649
130654,122621,20084
130162,122851,19489
130344,123032,18965
130658,122234,19177
130321,122852,18985
130178,123154,19308
130409,123399,19289
130439,123003,19204
129998,122907,19036
129992,123134,19310
129435,123087,18781
129216,123987,19056
129437,124343,19355
129329,123897,19071
129104,123409,18734
129185,123387,19121
128962,123090,19185
128904,123406,19585
128807,123294,20079
129161,122962,20030
129440,122877,19634
129737,122891,19973
129455,122624,20584
129478,122951,20742
129887,123256,20966
130443,123638,21150
130647,123878,21771
130232,123853,22208
129715,123594,22098
130063,123556,22440
129624,123441,21874
129521,123077,21913
128896,123442,21661
128835,123424,21972
129341,123525,22011
129261,123979,21871
129679,124116,22310
129578,123790,22649
130251,124160,22647
130157,123570,22687
130180,123946,22761
130538,123618,22679
130611,123105,22933
131097,122541,22518
131324,122205,22778
131060,122398,23062
131113,122985,23070
130734,123050,23085
130848,123095,23389
130985,123150,22797
131158,123112,22895
130795,123422,23018
130776,123147,22591
131176,123197,22852
130921,123357,22260
130910,122802,22274
130998,122400,22180
131735,122251,22504
131646,121884,22030
132038,121562,22296
131872,121999,22760
131602,121211,22905
130882,121181,22387
130638,121603,22541
130843,121717,22024
130585,121849,21702
130335,121579,21759
129998,121841,22245
130062,122268,21846
130571,122241,21590
130850,121490,21249
130896,122593,21575
130590,123365,21163
130873,123478,20986
130579,123344,21351
130384,123384,21102
130558,123209,20323
130811,123173,19977
130712,123575,19729
130904,123414,20203
130127,124014,19989
129824,124319,19941
130648,125169,19980
130888,125097,19974
131312,124925,20499
131032,124936,20722
131661,124560,20489
131435,124732,20087
131497,124738,20281
131721,124717,19827
131777,124709,19674
131444,124880,20339
131676,125074,20272
132147,125600,20854
132477,125945,21387
132932,126059,21683
133512,126212,21758
133197,125705,22304
133217,125468,22717
132414,125320,23082
132313,124882,22995
132553,125462,23527
132732,125238,23674
133255,124910,23758
132682,124608,23975
132405,124039,24158
132293,123892,23921
131947,123978,23862
131586,123661,23840
131241,123224,24069
131154,123535,23800
131528,123104,23730
131270,123032,23029
131211,122444,22913
131078,121901,23017
130671,122192,23108
130813,122122,23433
131096,122234,23122
131200,122512,22883
131262,122246,23140
130727,122309,23259
130691,122499,23331
130724,123029,23574
131088,122475,23876
131401,122857,24503
131477,122816,24549
131273,122673,24119
131358,122973,24289
131548,122532,24099
131679,122777,24215
131365,122347,24255
131006,121919,24437
131747,121729,24515
132244,120892,25056
132447,120658,24933
132286,121038,24585
132568,120757,24211
132833,120722,24110
132836,120698,24390
133121,120588,24288
132537,120273,24366
133282,120142,24481
132888,119965,24698
132935,120591,24432
132896,120542,24477
133730,121137,25055
133750,120859,24708
134343,121582,24549
134531,121958,24859
133979,121714,24986
134105,121378,25397
134269,121259,25912
134147,120948,26045
134800,121059,26221
135338,121363,26286
135282,121843,26923
135312,121646,27322
135139,121752,27170
135393,121141,27624
134552,120829,27897
134878,120786,27728
135363,121208,27642
136049,121073,27646
135507,120421,27806
135136,120484,27912
135153,120683,27893
135608,121213,27913
135677,121055,28009
135638,121053,28257
134755,120944,28343
134537,120260,27742
134817,120660,27777
135284,120628,28134
135738,120547,28373
136115,120747,28128
136565,121368,27705
136080,121324,27892
135860,121017,27857
136120,120347,27047
135893,120747,26781
135692,120560,26482
135718,120845,26579
134878,121129,26542
134620,121061,26395
135155,121557,26235
135974,122009,26249
135836,122361,26186
136075,122216,26061
135863,122093,25139
135834,122451,24867
136404,121947,24729
136939,122025,24488
136903,122702,24561
137259,122989,25160
137830,122698,24975
138208,122781,24740
137367,122770,24526
137302,123314,24840
137380,123327,25162
137015,123332,24988
136944,123413,24723
136734,123863,24888
137230,123219,25201
137513,123842,25507
137740,123961,25613
137605,123140,25600
137717,123538,25749
137301,123402,25523
136866,124249,25773
137219,124485,25837
136943,124401,25875
137281,124914,26362
136978,124324,26275
136865,125189,25831
136703,125489,24859
136721,125723,25419
136841,126026,25939
136881,126310,25942
136711,126684,26789
136800,126557,27224
136799,126234,27431
136371,126305,27727
136819,126146,27669
136976,125901,27239
136393,125874,26856
135920,126116,26784
135518,125764,26822
136146,125665,26575
136462,126053,26934
136264,126251,27286
136639,126610,27344
136048,126343,27167
135764,126230,27349
135645,125754,27595
135490,126169,27531
135829,126461,27958
135215,126560,27303
135631,126509,27836
136351,126640,27483
136237,127047,27747
136323,127116,27833
136103,127401,28131
136287,127377,27988
136013,127172,27422
135962,126763,27769
135981,126772,27945
137265,126937,28071
137128,126510,28163
137245,126845,28137
137313,127128,27493
137441,126935,27716
137626,126821,27354
137378,127212,26506
136975,127295,26932
137361,127443,27347
137408,127773,27529
137460,127499,27418
137228,127531,27412
136654,127335,27612
136714,127125,27459
136612,127315,27785
137016,126529,27993
136853,126253,27986
137318,126164,27813
136923,126595,27930
136817,126937,28237
137360,125806,28507
137382,125758,28538
137825,125423,28372
137838,125406,28451
137767,125585,28517
138302,125586,28600
138078,124685,28121
137631,124504,28555
137211,124679,27965
136795,125062,27396
136538,124833,27590
136492,124503,27705
136693,124370,27305
136842,124117,27453
136155,123742,27090
136302,123931,27405
136573,123719,27823
135568,123786,28252
135731,124291,27356
135879,123875,27230
135919,124428,27856
136458,124480,28244
136605,124223,28063
136447,123473,27948
136601,123314,27993
135681,123616,27916
135155,123613,28379
135328,123805,28408
135521,124497,28520
134863,124397,28517
134257,124747,29051
134116,124249,28666
133693,123991,29049
134064,123405,28749
134396,123664,28948
134874,123593,28723
134552,123650,28536
134779,123268,28685
134901,123598,28429
135067,123825,27564
135606,123570,27837
136264,123493,27480
136528,123110,27273
136800,122956,26879
137248,122490,26903
137304,122363,26508
137302,122189,25467
136824,122527,25462
137149,123088,25538
137351,123518,26006
137804,123474,25883
137474,123572,25893
137657,123431,25032
138055,123102,25600
138220,123216,25281
138235,123371,25829
138314,123676,25710
137764,123207,25718
138097,123172,26094
138001,123044,25560
138349,123462,26205
137930,123638,26237
137246,123712,26589
137515,123785,27027
137488,124221,27179
137404,124203,27479
137124,124336,27535
137192,124955,28031
137481,125037,28291
137771,124497,28307
137496,125017,28108
137606,124635,28190
137896,124012,27770
137535,123571,27702
137806,123526,27639
138012,123435,27678
137822,123592,28094
137946,123991,28469
137837,124405,28505
138037,124127,28355
138281,123674,28678
138225,123513,28986
138790,123608,28757
138634,124096,29176
